"scientificName","longitude","latitude","eventDate"
"Engraulis encrasicolus",1.3,41.1,"2005-05-27"
"Engraulis encrasicolus",34.729586,32.051985,"2010-07-28"
"Engraulis encrasicolus",-4.46,36.58,"2008-05-06"
"Engraulis encrasicolus",1.58000004291534,41.1100006103516,"1964"
"Engraulis encrasicolus",2.50999999046326,41.3600006103516,"1969"
"Engraulis encrasicolus",35.06321,32.999864,"1993-07-28"
"Engraulis encrasicolus",12.3774,45.3867,"1962"
"Engraulis encrasicolus",2.6334,39.4273,"1983-06-10"
"Engraulis encrasicolus",16.375667,43.526667,"1982-07-21"
"Engraulis encrasicolus",34.729586,32.051985,"1994-08-13"
"Engraulis encrasicolus",9.83,42.72,"1910-07-10T22:10:00"
"Engraulis encrasicolus",-0.17,39.25,"1999-06-02"
"Engraulis encrasicolus",1.1,40.61,"2004-05-22"
"Engraulis encrasicolus",16.285333333,43.043833333,"1968-08-15"
"Engraulis encrasicolus",2.2583,38.97,"1985-10-10"
"Engraulis encrasicolus",-2,36.55,"1910-06-25T02:30:00"
"Engraulis encrasicolus",0.9,40.23,"1910-08-31T03:25:00"
"Engraulis encrasicolus",0.52,40.35,"1999-05-31"
"Engraulis encrasicolus",1.12,40.31,"2003-05-12"
"Engraulis encrasicolus",16.285333333,43.043833333,"1982-08-07"
"Engraulis encrasicolus",1.11,40.62,"2005-05-26"
"Engraulis encrasicolus",-0.5,37.97,"2008-05-18"
"Engraulis encrasicolus",2.95,36.9,"1910-09-02T02:00:00"
"Engraulis encrasicolus",34.946737,32.836864,"1991-07-17"
"Engraulis encrasicolus",0.34,40.1,"2002-06-12"
"Engraulis encrasicolus",2.50999999046326,41.1100006103516,"1929"
"Engraulis encrasicolus",1.58000004291534,41.1100006103516,"1966"
"Engraulis encrasicolus",3.83415,43.1958,"1986-06-09"
"Engraulis encrasicolus",0.24,38.69,"2004-05-31"
"Engraulis encrasicolus",16.03558559,42.72938396,"1965"
"Engraulis encrasicolus",13.18,45.23,"1991-01-08/1991-01-08"
"Engraulis encrasicolus",1.23,40.92,"1994-06-15"
"Engraulis encrasicolus",0.14,38.92,"2000-06-22"
"Engraulis encrasicolus",1.58000004291534,41.1100006103516,"1968"
"Engraulis encrasicolus",0.6033,38.67,"1992-07-10"
"Engraulis encrasicolus",21.28,38.2,"1910-08-17T11:05:00"
"Engraulis encrasicolus",16.03558559,42.72938396,"1999"
"Engraulis encrasicolus",11.9,37.95,"1910-07-20T02:25:00"
"Engraulis encrasicolus",3.61165,43.305,"1986-06-18"
"Engraulis encrasicolus",16.375667,43.526667,"1977-09-26"
"Engraulis encrasicolus",2.63,39.5497,"1990-07-10"
"Engraulis encrasicolus",16.03558559,42.72938396,"1962"
"Engraulis encrasicolus",2.05999994277954,41.2099990844727,"1963"
"Engraulis encrasicolus",16.375667,43.526667,"1976-06-11"
"Engraulis encrasicolus",16.03558559,42.72938396,"1996"
"Engraulis encrasicolus",16.285333333,43.043833333,"1976-09-16"
"Engraulis encrasicolus",4.6117,43.1275,"1986-06-23"
"Engraulis encrasicolus",1.36,41.01,"2007-06-11"
"Engraulis encrasicolus",1.58000004291534,41.1100006103516,"1962"
"Engraulis encrasicolus",1.58000004291534,41.1100006103516,"1967"
"Engraulis encrasicolus",35.085182,33.083901,"1992-08-05"
"Engraulis encrasicolus",2.50999999046326,41.3600006103516,"1964"
"Engraulis encrasicolus",34.60865,31.803896,"2000-04-27"
"Engraulis encrasicolus",2.05999994277954,41.2099990844727,"1968"
"Engraulis encrasicolus",2.02,41.17,"1998-05-26"
"Engraulis encrasicolus",2.50999999046326,41.3600006103516,"1967"
"Engraulis encrasicolus",34.812155,32.271418,"2010-07-29"
"Engraulis encrasicolus",34.812155,32.271418,"2000-06-12"
"Engraulis encrasicolus",16.285333333,43.043833333,"1979-03-17"
"Engraulis encrasicolus",3.7975,42.995,"1987-06-07"
"Engraulis encrasicolus",0.017,38.017,NA
"Engraulis encrasicolus",35.483333333,33.983333333,"1968-07/1972-10"
"Engraulis encrasicolus",-0.13,39.35,"1995-05-20"
"Engraulis encrasicolus",0.93,40.59,"2005-06-02"
"Engraulis encrasicolus",0.61,40.3,"1995-05-19"
"Engraulis encrasicolus",0.02,39.46,"2002-05-30"
"Engraulis encrasicolus",-0.45,36.05,"1910-06-25T23:55:00"
"Engraulis encrasicolus",16.03558559,42.72938396,"1971"
"Engraulis encrasicolus",2.05999994277954,41.2099990844727,"1969"
"Engraulis encrasicolus",34.946737,32.836864,"1991-12-15"
"Engraulis encrasicolus",3.34999990463257,41.75,"1962"
"Engraulis encrasicolus",2.76999998092651,41.5299987792969,"1969"
"Engraulis encrasicolus",0.56,40.03,"2009-04-29"
"Engraulis encrasicolus",24.8,38.22,"1910-08-14T23:40:00"
"Engraulis encrasicolus",34.683409,31.938138,"2000-06-28"
"Engraulis encrasicolus",3.31,42.25,"2003-05-17"
"Engraulis encrasicolus",16.285333333,43.043833333,"2016-04-29"
"Engraulis encrasicolus",16.03558559,42.72938396,"1979"
"Engraulis encrasicolus",16.03558559,42.72938396,"1982"
"Engraulis encrasicolus",4.01,42.9858,"1985-06-12"
"Engraulis encrasicolus",15.1312,37.478,"2019-08-27"
"Engraulis encrasicolus",1.05,40.43,"1996-05-24"
"Engraulis encrasicolus",10.3739995956,34.0180015564,"2001-06-20T12:00:00Z"
"Engraulis encrasicolus",16.03558559,42.72938396,"1961"
"Engraulis encrasicolus",2.05999994277954,41.2099990844727,"1962"
"Engraulis encrasicolus",2.881,39.3072,"2005-09-29"
"Engraulis encrasicolus",12.87,44.88,"1988-01-13/1988-01-13"
"Engraulis encrasicolus",2.50999999046326,41.3600006103516,"1963"
"Engraulis encrasicolus",16.03558559,42.72938396,"1974"
"Engraulis encrasicolus",0.14,38.93,"2006-06-12"
"Engraulis encrasicolus",3.50999999046326,42.25,"1968"
"Engraulis encrasicolus",3.9125,43.11415,"1992-05-16"
"Engraulis encrasicolus",34.60865,31.803896,"2000-07-31"
"Engraulis encrasicolus",12.3774,45.3867,"1979"
"Engraulis encrasicolus",16.03558559,42.72938396,"1983"
"Engraulis encrasicolus",34.883394,32.537222,"2010-08-19"
"Engraulis encrasicolus",3.2975,43.1092,"1986-06-07"
"Engraulis encrasicolus",13.6,40.57,"1910-08-24T19:00:00"
"Engraulis encrasicolus",0.75,40.17,"1995-05-09"
"Engraulis encrasicolus",34.883394,32.537222,"1993-04-23"
"Engraulis encrasicolus",34.716667,32.016667,NA
"Engraulis encrasicolus",-0.06,39.64,"1996-05-26"
"Engraulis encrasicolus",3.17,42.6875,"1983-06-07"
"Engraulis encrasicolus",2.375,39.6333,"1996-06"
"Engraulis encrasicolus",0.9,40.23,"1910-08-31T03:50:00"
"Engraulis encrasicolus",16.285333333,43.043833333,"1996-07-15"
"Engraulis encrasicolus",-0.45,36.05,"1910-06-25T22:30:00"
"Engraulis encrasicolus",12.3774,45.3867,"1957"
"Engraulis encrasicolus",1.6558,39.0486,"1999-12-08"
"Engraulis encrasicolus",34.733333,32.05,NA
"Engraulis encrasicolus",0.95,40.32,"2000-06-19"
"Engraulis encrasicolus",12.9377,45.0629,"1925"
"Engraulis encrasicolus",1.13999998569489,40.5999984741211,"1967"
"Engraulis encrasicolus",5,40,NA
"Engraulis encrasicolus",2.76999998092651,41.5299987792969,"1962"
"Engraulis encrasicolus",16.03558559,42.72938396,"1995"
"Engraulis encrasicolus",11.3830003738,35.9169998169,"2001-03-10T12:00:00Z"
"Engraulis encrasicolus",34.767952,32.158012,"2009-08-06"
"Engraulis encrasicolus",13.6,40.57,"1910-08-24T19:45:00"
"Engraulis encrasicolus",-0.57,37.93,"2006-06-11"
"Engraulis encrasicolus",14.53,36,"1911-08-05T20:45:00"
"Engraulis encrasicolus",1.32,41.1,"1996-05-17"
"Engraulis encrasicolus",10.7329998016,36.1800003052,"1999-07-24T12:00:00Z"
"Engraulis encrasicolus",0.01,38.53,"2002-06-13"
"Engraulis encrasicolus",-4.42,36.55,"1910-09-06T17:35:00"
"Engraulis encrasicolus",1.26,40.3,"1994-06-14"
"Engraulis encrasicolus",16.375667,43.526667,"1973-05-22"
"Engraulis encrasicolus",10.47,37.28,"1910-07-16T00:55:00"
"Engraulis encrasicolus",16.03558559,42.72938396,"1998"
"Engraulis encrasicolus",1,40.04,"2003-05-11"
"Engraulis encrasicolus",3.25,42.19,"1997-05-27"
"Engraulis encrasicolus",16.285333333,43.043833333,"1985-06-14"
"Engraulis encrasicolus",0.23,38.79,"1998-05-19"
"Engraulis encrasicolus",3.34999990463257,41.75,"1963"
"Engraulis encrasicolus",0.98,40.04,"1997-05-25"
"Engraulis encrasicolus",3.4133,39.9592,"2007-07-23"
"Engraulis encrasicolus",16.285333333,43.043833333,"1977-04-27"
"Engraulis encrasicolus",1.13999998569489,40.5999984741211,"1968"
"Engraulis encrasicolus",16.285333333,43.043833333,"2000-09-09"
"Engraulis encrasicolus",16.285333333,43.043833333,"1962-08-08"
"Engraulis encrasicolus",10.6040000916,36.2299995422,"1999-07-24T12:00:00Z"
"Engraulis encrasicolus",1.04,40.42,"2002-06-03"
"Engraulis encrasicolus",3.46000003814697,41.8400001525879,"1967"
"Engraulis encrasicolus",24.433,40.8,NA
"Engraulis encrasicolus",1.8,41.13,"1998-05-26"
"Engraulis encrasicolus",16.285333333,43.043833333,"1963-05-04"
"Engraulis encrasicolus",16.03558559,42.72938396,"1970"
"Engraulis encrasicolus",16.03558559,42.72938396,"2012"
"Engraulis encrasicolus",1.36,41.01,"2006-06-05"
"Engraulis encrasicolus",1.05,40.43,"1995-05-10"
"Engraulis encrasicolus",15.12,35.73,"1910-07-22T03:40:00"
"Engraulis encrasicolus",0.74,40.16,"1998-05-29"
"Engraulis encrasicolus",16.375667,43.526667,"1978-07-31"
"Engraulis encrasicolus",16.285333333,43.043833333,"1977-07-20"
"Engraulis encrasicolus",16.375667,43.526667,"1981-05-28"
"Engraulis encrasicolus",16.285333333,43.043833333,"1981-10-30"
"Engraulis encrasicolus",2.05999994277954,41.2099990844727,"1966"
"Engraulis encrasicolus",16.03558559,42.72938396,"1980"
"Engraulis encrasicolus",3.25,42.02,"2002-06-09"
"Engraulis encrasicolus",4.1375,43.0225,"1986-06-11"
"Engraulis encrasicolus",34.850607,32.408475,"1994-03-05"
"Engraulis encrasicolus",16.285333333,43.043833333,"1997-07-17"
"Engraulis encrasicolus",4.695,42.9825,"1987-06-10"
"Engraulis encrasicolus",16.375667,43.526667,"1974-08-15"
"Engraulis encrasicolus",16.03558559,42.72938396,"1972"
"Engraulis encrasicolus",0.7,36.42,"1910-09-04T02:15:00"
"Engraulis encrasicolus",1.8,41.13,"1997-05-31"
"Engraulis encrasicolus",34.683409,31.938138,"2010-09-27"
"Engraulis encrasicolus",3.30665,43.21835,"1992-05-30"
"Engraulis encrasicolus",12.3774,45.3867,"1947"
"Engraulis encrasicolus",4.06835,42.76085,"1986-06-09"
"Engraulis encrasicolus",16.375667,43.526667,"1992-07-15"
"Engraulis encrasicolus",16.285333333,43.043833333,"2012-04-26"
"Engraulis encrasicolus",26.05,32.27,"1910-07-30T03:00:00"
"Engraulis encrasicolus",1.35,41.08,"2009-05-02"
"Engraulis encrasicolus",34.729586,32.051985,"2000-09-13"
"Engraulis encrasicolus",-0.49,37.98,"2007-06-01"
"Engraulis encrasicolus",1.58000004291534,41.1100006103516,"1965"
"Engraulis encrasicolus",3.34999990463257,41.75,"1967"
"Engraulis encrasicolus",-0.02,39.57,"2001-06-13"
"Engraulis encrasicolus",2.50999999046326,41.3600006103516,"1962"
"Engraulis encrasicolus",0.75,40.17,"1996-05-15"
"Engraulis encrasicolus",16.285333333,43.043833333,"1975-04-15"
"Engraulis encrasicolus",1.221,40.94,"2003-05-29/2003-05-29"
"Engraulis encrasicolus",16.37,43.51,"1964-05-18/1964-05-18"
"Engraulis encrasicolus",0.28,40.1,"1996-05-25"
"Engraulis encrasicolus",1.25,41,"2006-06-04"
"Engraulis encrasicolus",16.375667,43.526667,"1992-05-12"
"Engraulis encrasicolus",1.1,40.62,"2007-06-10"
"Engraulis encrasicolus",14.25,40.8013889,"2014-06-03"
"Engraulis encrasicolus",16.03558559,42.72938396,"2006"
"Engraulis encrasicolus",2.50999999046326,41.3600006103516,"1966"
"Engraulis encrasicolus",16.285333333,43.043833333,"1968-05-17"
"Engraulis encrasicolus",3.34999990463257,41.75,"1968"
"Engraulis encrasicolus",1.35,41.07,"2006-06-05"
"Engraulis encrasicolus",3.27,41.96,"1994-06-18"
"Engraulis encrasicolus",9.83,42.72,"1910-07-10T21:30:00"
"Engraulis encrasicolus",0.6,37.53,"1913-11-11T10:30:00"
"Engraulis encrasicolus",16.03558559,42.72938396,"1997"
"Engraulis encrasicolus",10.1719999313,34.0279998779,"2003-04-30T12:00:00Z"
"Engraulis encrasicolus",13.57,36.7,"1910-07-20T22:35:00"
"Engraulis encrasicolus",16.285333333,43.043833333,"2004-08-19"
"Engraulis encrasicolus",22.55,38.17,"1910-08-17T01:50:00"
"Engraulis encrasicolus",2.8453,39.2477,"2001-09-17"
"Engraulis encrasicolus",0.97,40.03,"2006-06-06"
"Engraulis encrasicolus",10.3409996033,33.8030014038,"2002-04-10T12:00:00Z"
"Engraulis encrasicolus",3.46000003814697,41.8400001525879,"1964"
"Engraulis encrasicolus",16.92,43.24,"1957-09-03/1957-09-03"
"Engraulis encrasicolus",16.375667,43.526667,"1979-07-16"
"Engraulis encrasicolus",0.93,40.6,"2002-06-11"
"Engraulis encrasicolus",2.50999999046326,41.3600006103516,"1968"
"Engraulis encrasicolus",35.5,34.1,"1973-06/1990-12"
"Engraulis encrasicolus",1.02,40.53,"2009-05-01"
"Engraulis encrasicolus",16.03558559,42.72938396,"1985"
"Engraulis encrasicolus",35.027246,32.836143,"2009-08-13"
"Engraulis encrasicolus",16.375667,43.526667,"1972-07-06"
"Engraulis encrasicolus",-0.23,38.27,"2008-05-21"
"Engraulis encrasicolus",34.683409,31.938138,"1994-08-15"
"Engraulis encrasicolus",3.37,39.91,"2007-06-20"
"Engraulis encrasicolus",34.820824,32.312507,"2011-09-27"
"Engraulis encrasicolus",13.17,45.25,"1988-10-18/1988-10-18"
"Engraulis encrasicolus",3.34999990463257,41.75,"1964"
"Engraulis encrasicolus",0.47,39.88,"2006-06-07"
"Engraulis encrasicolus",16.03558559,42.72938396,"2001"
"Engraulis encrasicolus",1.58000004291534,41.1100006103516,"1963"
"Engraulis encrasicolus",0.27,38.62,"2002-05-28"
"Engraulis encrasicolus",11.2829999924,34.4879989624,"2001-06-12T12:00:00Z"
"Engraulis encrasicolus",16.375667,43.526667,"1980-08-27"
"Engraulis encrasicolus",3.68,39.97,"1910-08-28T20:50:00"
"Engraulis encrasicolus",-0.01,39.43,"2009-04-26"
"Engraulis encrasicolus",16.03558559,42.72938396,"1954"
"Engraulis encrasicolus",0.92,40.1,"1997-05-25"
"Engraulis encrasicolus",16.285333333,43.043833333,"2017-05-16"
"Engraulis encrasicolus",34.745893,32.088642,"2010-04-15"
"Engraulis encrasicolus",16.03558559,42.72938396,"1977"
"Engraulis encrasicolus",16.285333333,43.043833333,"1971-07-13"
"Engraulis encrasicolus",15.65,38.25,"1910-08-21T00:50:00"
"Engraulis encrasicolus",16.285333333,43.043833333,"1966-04-26"
"Engraulis encrasicolus",16.03558559,42.72938396,"2003"
"Engraulis encrasicolus",14.58,43.8,"1949-03-26/1949-03-26"
"Engraulis encrasicolus",16.03558559,42.72938396,"1990"
"Engraulis encrasicolus",34.93206,32.758822,"1994-08-16"
"Engraulis encrasicolus",16.03558559,42.72938396,"1958"
"Engraulis encrasicolus",16.375667,43.526667,"1974-09"
"Engraulis encrasicolus",-0.57,37.92,"2004-05-15"
"Engraulis encrasicolus",-1.23,36.3,"1910-06-25T09:05:00"
"Engraulis encrasicolus",2.4272,39.4072,"1994-06-10"
"Engraulis encrasicolus",-0.57,37.99,"1998-05-17"
"Engraulis encrasicolus",2.699,41.2131,"1975-03-07/1975-03-07"
"Engraulis encrasicolus",34.683409,31.938138,"2009-05-12"
"Engraulis encrasicolus",2.76999998092651,41.5299987792969,"1964"
"Engraulis encrasicolus",16.375667,43.526667,"1993-09-22"
"Engraulis encrasicolus",16.285333333,43.043833333,"1993-06-17"
"Engraulis encrasicolus",17.35,43.03,"1958-06-06/1958-06-06"
"Engraulis encrasicolus",-5.1,36.03,"1910-09-07T01:55:00"
"Engraulis encrasicolus",12.3774,45.3867,"1981"
"Engraulis encrasicolus",16.03558559,42.72938396,"1956"
"Engraulis encrasicolus",16.03558559,42.72938396,"1994"
"Engraulis encrasicolus",34.89584,32.606908,"2000-10-18"
"Engraulis encrasicolus",16.285333333,43.043833333,"1988-08-17"
"Engraulis encrasicolus",-0.48,38.03,"2002-05-24"
"Engraulis encrasicolus",0.88,40.02,"1998-05-29"
"Engraulis encrasicolus",1.25,40.76,"2006-05-24"
"Engraulis encrasicolus",3.46000003814697,41.8400001525879,"1966"
"Engraulis encrasicolus",-0.08,39.1,"2002-06-01"
"Engraulis encrasicolus",-0.08,39.62,"2006-06-09"
"Engraulis encrasicolus",34.60865,31.803896,"1994-08-15"
"Engraulis encrasicolus",16.285333333,43.043833333,"1973-10-20"
"Engraulis encrasicolus",16.03558559,42.72938396,"1984"
"Engraulis encrasicolus",12.9377,45.0629,"1910"
"Engraulis encrasicolus",16.03558559,42.72938396,"2005"
"Engraulis encrasicolus",2.6094,39.5422,"1990-07-10"
"Engraulis encrasicolus",0.79,40.34,"2004-05-30"
"Engraulis encrasicolus",1.58000004291534,41.1100006103516,"1969"
"Engraulis encrasicolus",2.76999998092651,41.5299987792969,"1968"
"Engraulis encrasicolus",0.4,38.63,"2006-06-13"
"Engraulis encrasicolus",3.25,42.02,"1994-06-18"
"Engraulis encrasicolus",16.375667,43.526667,"1986-06-16"
"Engraulis encrasicolus",-2.07,36.62,"1910-06-24T18:20:00"
"Engraulis encrasicolus",0.31,39.87,"2000-06-20"
"Engraulis encrasicolus",-1.23,36.3,"1910-06-25T07:30:00"
"Engraulis encrasicolus",4.275,43.185,"1986-06-16"
"Engraulis encrasicolus",0.95,40.32,"1997-06-01"
"Engraulis encrasicolus",-0.08,39.62,"2005-05-24"
"Engraulis encrasicolus",2.6475,39.5194,"1990-04-10"
"Engraulis encrasicolus",-0.5,37.98,"2009-04-20"
"Engraulis encrasicolus",16.375667,43.526667,"1978-08-24"
"Engraulis encrasicolus",34.853096,32.427916,"2009-10-20"
"Engraulis encrasicolus",16.03558559,42.72938396,"1976"
"Engraulis encrasicolus",0.0170000009239,38.016998291,"2003-06-20T12:00:00Z"
"Engraulis encrasicolus",16.03558559,42.72938396,"1957"
"Engraulis encrasicolus",15.127333,37.485817,"2019-08-30"
"Engraulis encrasicolus",3.55665,43.1675,"1986-06-05"
"Engraulis encrasicolus",0.17,39.02,"1994-06-12"
"Engraulis encrasicolus",16.03558559,42.72938396,"2009"
"Engraulis encrasicolus",1.82,41.13,"1995-05-11"
"Engraulis encrasicolus",2.85,39.24,"2007-06-27"
"Engraulis encrasicolus",0.54,40.36,"2008-05-28"
"Engraulis encrasicolus",34.729586,32.051985,"2011-05-27"
"Engraulis encrasicolus",16.285333333,43.043833333,"1982-04-13"
"Engraulis encrasicolus",4.3967,43.2425,"1985-06-23"
"Engraulis encrasicolus",-1.27,36.67,"1911-08-09T04:00:00"
"Engraulis encrasicolus",16.03558559,42.72938396,"1986"
"Engraulis encrasicolus",2.38,41.17,"1910-08-30T02:45:00"
"Engraulis encrasicolus",0.31,39.87,"1998-05-30"
"Engraulis encrasicolus",0.34,40.1,"2001-06-12"
"Engraulis encrasicolus",0.5,40.32,"1994-06-14"
"Engraulis encrasicolus",15.32,37.85,"1910-08-19T20:15:00"
"Engraulis encrasicolus",16.03558559,42.72938396,"1989"
"Engraulis encrasicolus",16.285333333,43.043833333,"1979-07-15"
"Engraulis encrasicolus",16.03558559,42.72938396,"2010"
"Engraulis encrasicolus",35.433333333,34.2,"1973-06/1982-12"
"Engraulis encrasicolus",8.57,43.83,"1910-07-02T10:00:00"
"Engraulis encrasicolus",0.18,38.99,"2001-05-28"
"Engraulis encrasicolus",34.729586,32.051985,"2000-07-31"
"Engraulis encrasicolus",34.745893,32.088642,"2000-04-28"
"Engraulis encrasicolus",21.5,35.83,"1911-08-26T21:00:00"
"Engraulis encrasicolus",10.3579998016,34.0079994202,"2000-05-29T12:00:00Z"
"Engraulis encrasicolus",3.765,42.9267,"1983-06-11"
"Engraulis encrasicolus",16.03558559,42.72938396,"1987"
"Engraulis encrasicolus",16.285333333,43.043833333,"1996-04-29"
"Engraulis encrasicolus",16.03558559,42.72938396,"1967"
"Engraulis encrasicolus",0.39,38.64,"1998-05-19"
"Engraulis encrasicolus",16.285333333,43.043833333,"2016-05-25"
"Engraulis encrasicolus",16.03558559,42.72938396,"1992"
"Engraulis encrasicolus",2.2497,39.4483,"2005-06-20"
"Engraulis encrasicolus",-0.57,38.01,"2007-06-01"
"Engraulis encrasicolus",34.820824,32.312507,"2009-08-06"
"Engraulis encrasicolus",34.93206,32.758822,"2009-11-30"
"Engraulis encrasicolus",0.73,39.83,"1998-05-29"
"Engraulis encrasicolus",1.87,41.17,"2005-05-28"
"Engraulis encrasicolus",3.9217,43.04665,"1986-06-09"
"Engraulis encrasicolus",16.375667,43.526667,"1987-07-14"
"Engraulis encrasicolus",0.91,40.09,"2002-06-02"
"Engraulis encrasicolus",16.03558559,42.72938396,"2002"
"Engraulis encrasicolus",16.03558559,42.72938396,"1968"
"Engraulis encrasicolus",34.820824,32.312507,"2009-10-20"
"Engraulis encrasicolus",2.05999994277954,41.2099990844727,"1964"
"Engraulis encrasicolus",16.03558559,42.72938396,"2000"
"Engraulis encrasicolus",-5.19,36.35,"2003-04-27"
"Engraulis encrasicolus",2.22,41.28,"1910-08-30T05:20:00"
"Engraulis encrasicolus",34.533119,31.681269,"2011-11-24"
"Engraulis encrasicolus",34.745893,32.088642,"1991-11-21"
"Engraulis encrasicolus",-0.95,35.88,"1910-09-04T23:20:00"
"Engraulis encrasicolus",3.50999999046326,42.25,"1969"
"Engraulis encrasicolus",16.285333333,43.043833333,"1980-10-22"
"Engraulis encrasicolus",16.285333333,43.043833333,"1989-07-12"
"Engraulis encrasicolus",3.68,39.97,"1910-08-28T21:20:00"
"Engraulis encrasicolus",3.52999997138977,42.3300018310547,"1967"
"Engraulis encrasicolus",3.52999997138977,42.3300018310547,"1969"
"Engraulis encrasicolus",34.683409,31.938138,"1992-08-07"
"Engraulis encrasicolus",2.2233,39.4033,"1996-06"
"Engraulis encrasicolus",1.221,40.94,"2003-05-30/2003-05-30"
"Engraulis encrasicolus",24.8,38.22,"1910-08-14T23:00:00"
"Engraulis encrasicolus",34.60865,31.803896,"1994-08-16"
"Engraulis encrasicolus",0.96,40.51,"2009-05-01"
"Engraulis encrasicolus",16.73,43.05,"1958-02-06/1958-02-06"
"Engraulis encrasicolus",34.745893,32.088642,"1994-08-15"
"Engraulis encrasicolus",10.3999996185,33.8499984741,"2000-05-28T12:00:00Z"
"Engraulis encrasicolus",0.92,40.1,"1998-05-29"
"Engraulis encrasicolus",1.31,41.1,"1994-06-16"
"Engraulis encrasicolus",0.95,40.31,"2009-04-30"
"Engraulis encrasicolus",16.375667,43.526667,"1993-06-15"
"Engraulis encrasicolus",1.221,40.94,"2003-05-27/2003-05-27"
"Engraulis encrasicolus",25.92,40.03,"1910-08-13T02:15:00"
"Engraulis encrasicolus",2.3,41.4,"2003-05-15"
"Engraulis encrasicolus",16.285333333,43.043833333,"2001-09-27"
"Engraulis encrasicolus",16.37,43.51,"1964-03-24/1964-03-24"
"Engraulis encrasicolus",16.03558559,42.72938396,"1975"
"Engraulis encrasicolus",0.92,40.59,"2000-06-19"
"Engraulis encrasicolus",34.683409,31.938138,"1992-01-10"
"Engraulis encrasicolus",3.8667,43.1258,"1986-06-09"
"Engraulis encrasicolus",16.285333333,43.043833333,"1963-06-05"
"Engraulis encrasicolus",14.25,40.8013889,"2012-06-05"
"Engraulis encrasicolus",2.7417,39.2965,"2009-10-06"
"Engraulis encrasicolus",35.027246,32.836143,"2009-07-20"
"Engraulis encrasicolus",35.027246,32.836143,"1990-11-22"
"Engraulis encrasicolus",2.76999998092651,41.5299987792969,"1966"
"Engraulis encrasicolus",-4.41,36.62,"2002-05-11"
"Engraulis encrasicolus",0.88,40.02,"2001-06-02"
"Engraulis encrasicolus",16.285333333,43.043833333,"1987-06-04"
"Engraulis encrasicolus",15.625719,38.213821,NA
"Engraulis encrasicolus",16.285333333,43.043833333,"1972-07-04"
"Engraulis encrasicolus",16.285333333,43.043833333,"1967-05-20"
"Engraulis encrasicolus",15.215783,37.3068,"2019-08-09"
"Engraulis encrasicolus",0.24,38.78,"2003-05-22"
"Engraulis encrasicolus",1.37,41.02,"1998-05-27"
"Engraulis encrasicolus",35.5,34,"1973-06/1990-12"
"Engraulis encrasicolus",1.8,39.4767,"1985-10-10"
"Engraulis encrasicolus",3.3,42.25,"2009-05-06"
"Engraulis encrasicolus",10.4829998016,34.3670005798,"2000-05-27T12:00:00Z"
"Engraulis encrasicolus",16.03558559,42.72938396,"1960"
"Engraulis encrasicolus",24.4330005646,40.7999992371,"2003-07-29T12:00:00Z"
"Engraulis encrasicolus",0.3,39.86,"2003-05-21"
"Engraulis encrasicolus",16.375667,43.526667,"1981-08-26"
"Engraulis encrasicolus",16.285333333,43.043833333,"1989-06-16"
"Engraulis encrasicolus",16.375667,43.526667,"1972-08-02"
"Engraulis encrasicolus",4.45165,43.36335,"1986-06-12"
"Engraulis encrasicolus",7.41699981689,43.5670013428,NA
"Engraulis encrasicolus",16.375667,43.526667,"1985-08-09"
"Engraulis encrasicolus",3.62165,42.84915,"1983-06-05"
"Engraulis encrasicolus",8.92,44.23,"1910-07-03T00:55:00"
"Engraulis encrasicolus",1.13999998569489,40.5999984741211,"1969"
"Engraulis encrasicolus",-2,36.55,"1910-06-25T00:20:00"
"Engraulis encrasicolus",10.2510004044,34.0579986572,"2003-04-30T12:00:00Z"
"Engraulis encrasicolus",-3,36.58,"1910-09-06T03:30:00"
"Engraulis encrasicolus",0.84,40.34,"2006-06-06"
"Engraulis encrasicolus",17.35,43.03,"1957-07-01/1957-07-01"
"Engraulis encrasicolus",3.3,42.25,"2004-05-28"
"Engraulis encrasicolus",14.25,40.8013889,"2013-06-04"
"Engraulis encrasicolus",3.5517,43.1492,"1992-05-26"
"Engraulis encrasicolus",16.285333333,43.043833333,"1967-08-06"
"Engraulis encrasicolus",1.01,40.53,"2001-06-03"
"Engraulis encrasicolus",16.375667,43.526667,"1984-08"
"Engraulis encrasicolus",3.24,41.71,"2003-05-18"
"Engraulis encrasicolus",2.8383,39.9433,"1988-06-10"
"Engraulis encrasicolus",12.3774,45.3867,"1952"
"Engraulis encrasicolus",0.83,40.54,"2006-06-03"
"Engraulis encrasicolus",17.47,42.95,"1957-12-09/1957-12-09"
"Engraulis encrasicolus",16.285333333,43.043833333,"1989-08-09"
"Engraulis encrasicolus",-5.2,36.35,"2000-05-24"
"Engraulis encrasicolus",-0.13,39.35,"1998-05-22"
"Engraulis encrasicolus",16.375667,43.526667,"1979-06-21"
"Engraulis encrasicolus",15.58,38.12,"1910-08-20T21:40:00"
"Engraulis encrasicolus",2.6094,39.5422,"1990-04-10"
"Engraulis encrasicolus",3.14415,43.03085,"1986-06-06"
"Engraulis encrasicolus",0.73,40.17,"2003-05-21"
"Engraulis encrasicolus",16.285333333,43.043833333,"1988-05-21"
"Engraulis encrasicolus",2.56,39.415,"1985-10-10"
"Engraulis encrasicolus",16.03558559,42.72938396,"1966"
"Engraulis encrasicolus",10.3170003891,33.8829994202,"2000-05-25T12:00:00Z"
"Engraulis encrasicolus",16.285333333,43.043833333,"1970-05-14"
"Engraulis encrasicolus",34.946737,32.836864,"2011-07-11"
"Engraulis encrasicolus",2.9415,39.1649,"1996"
"Engraulis encrasicolus",10.52,37.02,"1910-07-19T03:10:00"
"Engraulis encrasicolus",18.03,37.9,"1910-08-18T19:45:00"
"Engraulis encrasicolus",16.41,42.51,"1948-11-15/1948-11-15"
"Engraulis encrasicolus",35.027246,32.836143,"2009-02-18"
"Engraulis encrasicolus",16.03558559,42.72938396,"1978"
"Engraulis encrasicolus",2.3117,39.4533,"1996-06"
"Engraulis encrasicolus",16.375667,43.526667,"1980-05-23"
"Engraulis encrasicolus",12.3774,45.3867,"1970"
"Engraulis encrasicolus",-0.09,39.36,"2008-05-23"
"Engraulis encrasicolus",0.61,40.3,"1999-05-31"
"Engraulis encrasicolus",12.3774,45.3867,"1956"
"Engraulis encrasicolus",12.3774,45.3867,"1995"
"Engraulis encrasicolus",2.02,41.18,"2003-05-19"
"Engraulis encrasicolus",35.027246,32.836143,"1994-08-15"
"Engraulis encrasicolus",35.027246,32.836143,"1992-07-14"
"Engraulis encrasicolus",34.683409,31.938138,"2010-03-26"
"Engraulis encrasicolus",15.58,38.12,"1910-08-20T22:50:00"
"Engraulis encrasicolus",34.850607,32.408475,"2011-02-23"
"Engraulis encrasicolus",15.135283,37.496783,"2019-08-12"
"Engraulis encrasicolus",1.0667,38.4333,"1985-10-10"
"Engraulis encrasicolus",3.05,40.57,"1910-08-29T04:55:00"
"Engraulis encrasicolus",16.03558559,42.72938396,"1981"
"Engraulis encrasicolus",3.68835,43.3475,"1992-05-25"
"Engraulis encrasicolus",15.56666,38.18333,NA
"Engraulis encrasicolus",2.13,41.25,"2003-05-20"
"Engraulis encrasicolus",16.375667,43.526667,"1977-08-31"
"Engraulis encrasicolus",0.87,39.23,"1910-08-31T21:20:00"
"Engraulis encrasicolus",3.8475,43.25085,"1992-05-16"
"Engraulis encrasicolus",12.5249996185,34.3499984741,"2000-05-15T12:00:00Z"
"Engraulis encrasicolus",3.8258,42.98335,"1985-06-14"
"Engraulis encrasicolus",10.5830001831,36.2249984741,"2001-02-19T12:00:00Z"
"Engraulis encrasicolus",3.50999999046326,42.25,"1967"
"Engraulis encrasicolus",34.946737,32.836864,"1992-09-14"
"Engraulis encrasicolus",16.03558559,42.72938396,"1993"
"Engraulis encrasicolus",16.03558559,42.72938396,"1963"
"Engraulis encrasicolus",1.221,40.94,"2003-05-26/2003-05-26"
"Engraulis encrasicolus",0.14,38.91,"1998-05-19"
"Engraulis encrasicolus",35.533333333,34.416666667,"1995-04/2002-06"
"Engraulis encrasicolus",16.03558559,42.72938396,"1988"
"Engraulis encrasicolus",0.09,39.12,"2002-06-01"
"Engraulis encrasicolus",0.53,40.35,"1996-05-24"
"Engraulis encrasicolus",1.35,41.08,"2005-05-27"
"Engraulis encrasicolus",16.285333333,43.043833333,"1986-06-17"
"Engraulis encrasicolus",1.31,41.1,"2002-06-04"
"Engraulis encrasicolus",12.3774,45.3867,"1964"
"Engraulis encrasicolus",1.36,41.01,"2001-06-05"
"Engraulis encrasicolus",0.53,40.35,"2002-06-11"
"Engraulis encrasicolus",1.25,40.78,"2001-06-03"
"Engraulis encrasicolus",13.12,45.49,"1988-01-12/1988-01-12"
"Engraulis encrasicolus",-0.22,38.45,"2007-06-03"
"Engraulis encrasicolus",16.285333333,43.043833333,"1967-07-21"
"Engraulis encrasicolus",2.3,41.41,"2007-06-14"
"Engraulis encrasicolus",-0.02,39.56,"1997-06-02"
"Engraulis encrasicolus",16.375667,43.526667,"1987-06-03"
"Engraulis encrasicolus",34.729586,32.051985,"2010-10-12"
"Engraulis encrasicolus",16.285333333,43.043833333,"2016-10-03"
"Engraulis encrasicolus",35.516666667,34.216666667,"1973-06/1982-12"
"Engraulis encrasicolus",0.56,40.02,"2006-06-07"
"Engraulis encrasicolus",34.883394,32.537222,"2010-08-18"
"Engraulis encrasicolus",2.63,39.5497,"1990-05-10"
"Engraulis encrasicolus",3.71,39.8,"2007-06-25"
"Engraulis encrasicolus",2.8128,39.2885,"2005-09-29"
"Engraulis encrasicolus",1.01,40.52,"2008-05-29"
"Engraulis encrasicolus",-1.47,36.22,"1910-09-05T04:58:00"
"Engraulis encrasicolus",0.61,40.3,"2002-06-11"
"Engraulis encrasicolus",0.9,40.09,"1995-05-10"
"Engraulis encrasicolus",16.285333333,43.043833333,"1974-09-21"
"Engraulis encrasicolus",4.25335,43.36,"1985-06-10"
"Engraulis encrasicolus",16.375667,43.526667,"1976-05-24"
"Engraulis encrasicolus",-3.31,36.71,"2009-04-15"
"Engraulis encrasicolus",4.10415,43.08,"1985-06-13"
"Engraulis encrasicolus",-4.53,36.55,"2007-05-19"
"Engraulis encrasicolus",3.4236,39.9604,"2007-06-04"
"Engraulis encrasicolus",16.285333333,43.043833333,"1999-07-03"
"Engraulis encrasicolus",10.28,37.62,"1910-07-15T05:40:00"
"Engraulis encrasicolus",-4.05,36.71,"2003-05-25"
"Engraulis encrasicolus",-0.56,37.95,"1994-06-06"
"Engraulis encrasicolus",0.06,39.8,"2002-06-12"
"Engraulis encrasicolus",0.44,39.85,"1998-05-30"
"Engraulis encrasicolus",-0.58,37.91,"1994-06-05"
"Engraulis encrasicolus",34.729586,32.051985,"2010-07-30"
"Engraulis encrasicolus",1.0317,38.67,"1992-07-10"
"Engraulis encrasicolus",34.729586,32.051985,"2010-09-27"
"Engraulis encrasicolus",16.285333333,43.043833333,"1966-06-16"
"Engraulis encrasicolus",34.745893,32.088642,"2000-01-30"
"Engraulis encrasicolus",34.946737,32.836864,"2012-04-23"
"Engraulis encrasicolus",16.03558559,42.72938396,"1964"
"Engraulis encrasicolus",0.23,38.69,"1999-05-19"
"Engraulis encrasicolus",15.12,35.73,"1910-07-22T02:50:00"
"Engraulis encrasicolus",1.25,40.77,"1994-06-15"
"Engraulis encrasicolus",-0.57,37.93,"2002-05-24"
"Engraulis encrasicolus",-4.28,36.69,"2003-05-26"
"Engraulis encrasicolus",16.285333333,43.043833333,"1976-05-20"
"Engraulis encrasicolus",13.434519,38.17433,NA
"Engraulis encrasicolus",3.05,40.57,"1910-08-29T15:45:00"
"Engraulis encrasicolus",3.1458,43.07,"1987-06-21"
"Engraulis encrasicolus",-5.1,36.03,"1910-09-07T02:40:00"
"Engraulis encrasicolus",0.95,40.51,"2008-05-29"
"Engraulis encrasicolus",10.3660001755,34.1440010071,"2002-04-18T12:00:00Z"
"Engraulis encrasicolus",-4.1,36.67,"1911-05-05T22:30:00"
"Engraulis encrasicolus",3.75165,43.3225,"1985-06-09"
"Engraulis encrasicolus",34.729586,32.051985,"2009-09-22"
"Engraulis encrasicolus",34.89584,32.606908,"1993-12-07"
"Engraulis encrasicolus",10.25,33.858001709,"2000-05-28T12:00:00Z"
"Engraulis encrasicolus",17.35,43.03,"1958-07-01/1958-07-01"
"Engraulis encrasicolus",16.375667,43.526667,"1980-07-28"
"Engraulis encrasicolus",16.375667,43.526667,"1979-09-13"
"Engraulis encrasicolus",16.285333333,43.043833333,"1967-11-12"
"Engraulis encrasicolus",1.05,40.42,"2003-05-12"
"Engraulis encrasicolus",16.285333333,43.043833333,"1972-06-20"
"Engraulis encrasicolus",2.2583,38.97,"1985-07-10"
"Engraulis encrasicolus",16.03558559,42.72938396,"1953"
"Engraulis encrasicolus",16.375667,43.526667,"1988-06-15"
"Engraulis encrasicolus",34.729586,32.051985,"2010-05-06"
"Engraulis encrasicolus",0.95,40.32,"2002-06-11"
"Engraulis encrasicolus",0.93,40.59,"2008-05-29"
"Engraulis encrasicolus",0.28,38.68,"1995-05-03"
"Engraulis encrasicolus",0.48,40.2,"2000-06-19"
"Engraulis encrasicolus",35.027246,32.836143,"2012-01-24"
"Engraulis encrasicolus",16.285333333,43.043833333,"1973-05-16"
"Engraulis encrasicolus",-4.56,36.55,"2006-05-05"
"Engraulis encrasicolus",2.5042,39.4299,"2004-04-20"
"Engraulis encrasicolus",16.285333333,43.043833333,"1965-06-09"
"Engraulis encrasicolus",-0.13,39.34,"2003-05-09"
"Engraulis encrasicolus",2.1811,39.6359,"2006-06-08"
"Engraulis encrasicolus",4.26,43.26585,"1986-06-25"
"Engraulis encrasicolus",16.285333333,43.043833333,"1968-07-24"
"Engraulis encrasicolus",12.3774,45.3867,"1982"
"Engraulis encrasicolus",35.027246,32.836143,"1991-07-16"
"Engraulis encrasicolus",2.63,39.5497,"1990-06-10"
"Engraulis encrasicolus",-0.12,39.33,"2007-06-06"
"Engraulis encrasicolus",17.35,43.03,"1958-05-06/1958-05-06"
"Engraulis encrasicolus",34.767952,32.158012,"2000-09-13"
"Engraulis encrasicolus",16.285333333,43.043833333,"1975-08-12"
"Engraulis encrasicolus",3.52999997138977,42.3300018310547,"1963"
"Engraulis encrasicolus",0.23,38.81,"2002-06-13"
"Engraulis encrasicolus",34.812155,32.271418,"2011-03-19"
"Engraulis encrasicolus",-0.57,38.02,"2000-06-23"
"Engraulis encrasicolus",34.729586,32.051985,"1991-11-12"
"Engraulis encrasicolus",-0.46,37.93,"2003-05-04"
"Engraulis encrasicolus",34.767952,32.158012,"1994-02-28"
"Engraulis encrasicolus",34.60865,31.803896,"2010-05-05"
"Engraulis encrasicolus",16.375667,43.526667,"1972-06"
"Engraulis encrasicolus",17.47,42.95,"1958-01-09/1958-01-09"
"Engraulis encrasicolus",0.6033,38.8367,"1993-07-10"
"Engraulis encrasicolus",16.285333333,43.043833333,"1967-06-26"
"Engraulis encrasicolus",16.285333333,43.043833333,"1962-06-06"
"Engraulis encrasicolus",16.285333333,43.043833333,"1967-04-26"
"Engraulis encrasicolus",16.285333333,43.043833333,"1974-08-13"
"Engraulis encrasicolus",16.375667,43.526667,"1979-08-20"
"Engraulis encrasicolus",0.32,39.87,"1995-05-19"
"Engraulis encrasicolus",-0.08,39.62,"2007-06-05"
"Engraulis encrasicolus",2.05999994277954,41.2099990844727,"1967"
"Engraulis encrasicolus",8.92,44.23,"1910-07-03T01:50:00"
"Engraulis encrasicolus",0.96,40.51,"2007-06-10"
"Engraulis encrasicolus",10.6999998093,36.1669998169,"1999-07-24T12:00:00Z"
"Engraulis encrasicolus",16.285333333,43.043833333,"1990-06-22"
"Engraulis encrasicolus",16.285333333,43.043833333,"1986-07-15"
"Engraulis encrasicolus",2.8492,39.2442,"2005-09-23"
"Engraulis encrasicolus",16.375667,43.526667,"1985-07-16"
"Engraulis encrasicolus",2.4272,39.4765,"1995-06-10"
"Engraulis encrasicolus",16.375667,43.526667,"1985-11-19"
"Engraulis encrasicolus",16.285333333,43.043833333,"1980-05-22"
"Engraulis encrasicolus",11.1750001907,36.4920005798,"1999-07-26T12:00:00Z"
"Engraulis encrasicolus",16.03558559,42.72938396,"1969"
"Engraulis encrasicolus",16.285333333,43.043833333,"1975-09-13"
"Engraulis encrasicolus",35.027246,32.836143,"1993-09-20"
"Engraulis encrasicolus",11.2670001984,36.6920013428,"2002-10-02T12:00:00Z"
"Engraulis encrasicolus",3.4483,42.73165,"1986-06-19"
"Engraulis encrasicolus",4.6125,43.0975,"1987-06-13"
"Engraulis encrasicolus",-0.93,37.53,"2008-05-16"
"Engraulis encrasicolus",0.27,38.64,"2008-05-22"
"Engraulis encrasicolus",34.883394,32.537222,"2009-11-29"
"Engraulis encrasicolus",12.6,45.31,"1988-01-12/1988-01-12"
"Engraulis encrasicolus",16.285333333,43.043833333,"1991-07-17"
"Engraulis encrasicolus",26.37,37.87,"1910-08-03T01:40:00"
"Engraulis encrasicolus",1.05,40.43,"1999-05-22"
"Engraulis encrasicolus",34.853096,32.427916,"1994-08-17"
"Engraulis encrasicolus",3.46000003814697,41.8400001525879,"1962"
"Engraulis encrasicolus",16.03558559,42.72938396,"2007"
"Engraulis encrasicolus",1.3,41.09,"2001-06-05"
"Engraulis encrasicolus",1.26,40.99,"2003-05-20"
"Engraulis encrasicolus",-0.13,39.27,"2001-06-13"
"Engraulis encrasicolus",3.15,36.88,"1910-06-28T03:25:00"
"Engraulis encrasicolus",16.285333333,43.043833333,"1970-10-06"
"Engraulis encrasicolus",16.375667,43.526667,"1991-06-18"
"Engraulis encrasicolus",12.3774,45.3867,"1975"
"Engraulis encrasicolus",15.135083,37.486083,"2019-08-29"
"Engraulis encrasicolus",34.745893,32.088642,"2010-04-14"
"Engraulis encrasicolus",0.34,40.1,"2005-06-03"
"Engraulis encrasicolus",16.37,43.51,"1964-02-18/1964-02-18"
"Engraulis encrasicolus",3.92835,43.2808,"1992-06-13"
"Engraulis encrasicolus",3.57085,43.2533,"1992-05-29"
"Engraulis encrasicolus",34.946737,32.836864,"1990-09-31"
"Engraulis encrasicolus",2.6475,39.5194,"1988-06-10"
"Engraulis encrasicolus",0.14,39.91,"2005-06-03"
"Engraulis encrasicolus",0.14,39.93,"1995-05-19"
"Engraulis encrasicolus",4.5042,43.07,"1986-06-22"
"Engraulis encrasicolus",17.47,42.95,"1957-11-11/1957-11-11"
"Engraulis encrasicolus",12.3774,45.3867,"1949"
"Engraulis encrasicolus",10.3459997177,33.7939987183,"2001-06-20T12:00:00Z"
"Engraulis encrasicolus",-0.47,37.92,"2008-05-18"
"Engraulis encrasicolus",16.03558559,42.72938396,"1959"
"Engraulis encrasicolus",0.82,40.54,"2001-06-11"
"Engraulis encrasicolus",35.06321,32.999864,"2009-06-15"
"Engraulis encrasicolus",35.049477,32.929003,"1993-09-19"
"Engraulis encrasicolus",0.3,39.86,"2002-06-12"
"Engraulis encrasicolus",1.56,41.1,"2003-05-20"
"Engraulis encrasicolus",1.221,40.94,"2003-05-24/2003-05-24"
"Engraulis encrasicolus",15.9,43.25,"1961-09/1961-09"
"Engraulis encrasicolus",-0.02,39.28,"1998-05-22"
"Engraulis encrasicolus",0.79,40.34,"1997-06-01"
"Engraulis encrasicolus",-2.13,36.72,"1910-06-24T19:45:00"
"Engraulis encrasicolus",16.375667,43.526667,"1977-05-31"
"Engraulis encrasicolus",0.99,40.04,"2004-05-21"
"Engraulis encrasicolus",16.375667,43.526667,"1986-07-14"
"Engraulis encrasicolus",15.58,38.12,"1910-08-20T22:10:00"
"Engraulis encrasicolus",35.049477,32.929003,"1993-08-24"
"Engraulis encrasicolus",11.9,37.95,"1910-07-20T03:40:00"
"Engraulis encrasicolus",0.13,39.35,"2001-06-13"
"Engraulis encrasicolus",-0.95,35.88,"1910-09-04T22:50:00"
"Engraulis encrasicolus",-0.47,37.99,"2001-05-24"
"Engraulis encrasicolus",0.34,38.62,"2002-05-28"
"Engraulis encrasicolus",-0.47,37.92,"2002-05-24"
"Engraulis encrasicolus",14.25,40.8013889,"2012-07-03"
"Engraulis encrasicolus",16.285333333,43.043833333,"1963-07-02"
"Engraulis encrasicolus",10.3050003052,34.1959991455,"2003-06-08T12:00:00Z"
"Engraulis encrasicolus",0.48,39.9,"2009-04-29"
"Engraulis encrasicolus",16.285333333,43.043833333,"1981-06-27"
"Engraulis encrasicolus",34.683409,31.938138,"2000-04-28"
"Engraulis encrasicolus",16.285333333,43.043833333,"1977-03-31"
"Engraulis encrasicolus",34.820824,32.312507,"2010-06-27"
"Engraulis encrasicolus",10.9079999924,34.2249984741,"2000-05-24T12:00:00Z"
"Engraulis encrasicolus",34.853096,32.427916,"2010-08-19"
"Engraulis encrasicolus",16.285333333,43.043833333,"1986-08-18"
"Engraulis encrasicolus",16.285333333,43.043833333,"1989-09-15"
"Engraulis encrasicolus",-5.2,36.36,"2004-05-07"
"Engraulis encrasicolus",22.55,38.17,"1910-08-17T02:15:00"
"Engraulis encrasicolus",35.5,33.916666667,"1970-07/1972-10"
"Engraulis encrasicolus",-5.1,36.03,"1910-09-07T00:50:00"
"Engraulis encrasicolus",16.285333333,43.043833333,"1963-10-01"
"Engraulis encrasicolus",35.085182,33.083901,"1991-11-13"
"Engraulis encrasicolus",2.6094,39.5422,"1989-06-10"
"Engraulis encrasicolus",16.285333333,43.043833333,"1975-10-21"
"Engraulis encrasicolus",-0.46,37.93,"2004-05-15"
"Engraulis encrasicolus",3.3,39.94,"2007-06-20"
"Engraulis encrasicolus",16.285333333,43.043833333,"1959-08-21"
"Engraulis encrasicolus",8.92,44.23,"1910-07-03T02:30:00"
"Engraulis encrasicolus",1.13999998569489,40.5999984741211,"1962"
"Engraulis encrasicolus",14.25,40.8013889,"2015-08-04"
"Engraulis encrasicolus",3.36,39.91,"2008-06-16"
"Engraulis encrasicolus",9.47500038147,37.4580001831,"1999-06-27T12:00:00Z"
"Engraulis encrasicolus",16.375667,43.526667,"1989-06-13"
"Engraulis encrasicolus",1.35,41.08,"2004-05-23"
"Engraulis encrasicolus",16.03558559,42.72938396,"2011"
"Engraulis encrasicolus",10.5369997025,36.8800010681,"2004-09-10T12:00:00Z"
"Engraulis encrasicolus",-0.13,39.35,"1996-05-26"
"Engraulis encrasicolus",16.42,43.41,"1967-09-18/1967-09-18"
"Engraulis encrasicolus",0.27,38.82,"1994-06-11"
"Engraulis encrasicolus",16.285333333,43.043833333,"1976-06-09"
"Engraulis encrasicolus",0.61,40.3,"2005-06-02"
"Engraulis encrasicolus",16.285333333,43.043833333,"2003-06-18"
"Engraulis encrasicolus",16.285333333,43.043833333,"1968-10-16"
"Engraulis encrasicolus",0.52,40.36,"1994-06-14"
"Engraulis encrasicolus",-0.11,38.49,"2009-04-23"
"Engraulis encrasicolus",-4.26,36.68,"2006-05-05"
"Engraulis encrasicolus",16.03558559,42.72938396,"1955"
"Engraulis encrasicolus",34.683409,31.938138,"2009-05-13"
"Engraulis encrasicolus",0.25,38.75,"1997-05-23"
"Engraulis encrasicolus",10.7080001831,36.158000946,"2001-02-19T12:00:00Z"
"Engraulis encrasicolus",3.335,42.62415,"1983-06-06"
"Engraulis encrasicolus",-0.57,37.93,"2005-05-18"
"Engraulis encrasicolus",12.9377,45.0629,"1926"
"Engraulis encrasicolus",16.03558559,42.72938396,"1991"
"Engraulis encrasicolus",-0.37,38.29,"2007-06-03"
"Engraulis encrasicolus",10.4879999161,33.8390007019,"2005-05-23T12:00:00Z"
"Engraulis encrasicolus",1.3,41.1,"2007-06-11"
"Engraulis encrasicolus",3.1433,42.8875,"1986-06-06"
"Engraulis encrasicolus",12.5329999924,34.358001709,"2000-05-15T12:00:00Z"
"Engraulis encrasicolus",-0.23,38.27,"2002-05-26"
"Engraulis encrasicolus",35.027246,32.836143,"2010-08-04"
"Engraulis encrasicolus",0.745,38.4175,"1988-06-10"
"Engraulis encrasicolus",-0.06,39.63,"2000-06-21"
"Engraulis encrasicolus",16.285333333,43.043833333,"1974-07-12"
"Engraulis encrasicolus",1.12,40.31,"2001-06-03"
"Engraulis encrasicolus",12.3774,45.3867,"1965"
"Engraulis encrasicolus",16.375667,43.526667,"1977-04-28"
"Engraulis encrasicolus",-4.46,36.58,"2006-05-05"
"Engraulis encrasicolus",3.25,42.19,"1994-06-19"
"Engraulis encrasicolus",17.35,43.03,"1958-01-09/1958-01-09"
"Engraulis encrasicolus",4.54335,42.925,"1986-06-14"
"Engraulis encrasicolus",15.21,43.75,"1948-08-16/1948-08-16"
"Engraulis encrasicolus",35.5,33.933333333,"1970-07/1972-10"
"Engraulis encrasicolus",34.883394,32.537222,"1992-02-28"
"Engraulis encrasicolus",16.03558559,42.72938396,"2008"
"Engraulis encrasicolus",16.285333333,43.043833333,"1964-07-24"
"Engraulis encrasicolus",12.3774,45.3867,"2000"
"Engraulis encrasicolus",0.99,40.04,"2001-06-02"
"Engraulis encrasicolus",16.285333333,43.043833333,"1982-06-24"
"Engraulis encrasicolus",3.502,39.5143,"2005-06-24"
"Engraulis encrasicolus",35.085182,33.083901,"1991-07-17"
"Engraulis encrasicolus",10.4530000687,34.1170005798,"2000-05-28T12:00:00Z"
"Engraulis encrasicolus",-2.58,36.71,"2005-05-14"
"Engraulis encrasicolus",12.3774,45.3867,"1948"
"Engraulis encrasicolus",0.56,40.02,"2000-06-20"
"Engraulis encrasicolus",1.05,40.42,"2007-06-10"
"Engraulis encrasicolus",12.3774,45.3867,"1969"
"Engraulis encrasicolus",16.285333333,43.043833333,"1962-07-10"
"Engraulis encrasicolus",-4.35,36.61,"2008-05-06"
"Engraulis encrasicolus",34.89584,32.606908,"1991-10-25"
"Engraulis encrasicolus",35.583333333,34.1,"1973-06/1990-12"
"Engraulis encrasicolus",34.89584,32.606908,"2010-08-18"
"Engraulis encrasicolus",12.9377,45.0629,"1924"
"Engraulis encrasicolus",16.375667,43.526667,"1972-04-17"
"Engraulis encrasicolus",16.285333333,43.043833333,"1964-08-19"
"Engraulis encrasicolus",16.375667,43.526667,"1977-03"
"Engraulis encrasicolus",0.33,38.88,"2008-05-24"
"Engraulis encrasicolus",0.75,40.18,"2002-06-02"
"Engraulis encrasicolus",0.92,40.58,"2009-05-01"
"Engraulis encrasicolus",12.3774,45.3867,"1946"
"Engraulis encrasicolus",15.2051,37.3188,"2019-08-08"
"Engraulis encrasicolus",35.533333333,34.05,"2000-04/2007-06"
"Engraulis encrasicolus",3.0667,39.15,"1985-07-10"
"Engraulis encrasicolus",0.3933,38.8367,"1992-07-10"
"Engraulis encrasicolus",1.12,40.3,"2008-05-28"
"Engraulis encrasicolus",16.375667,43.526667,"1989-07-10"
"Engraulis encrasicolus",-0.22,38.45,"2009-04-23"
"Engraulis encrasicolus",15.62,38.2,"1911-03-12T18:30:00"
"Engraulis encrasicolus",3.34999990463257,41.75,"1969"
"Engraulis encrasicolus",11.345000267,36.7980003357,"1999-07-27T12:00:00Z"
"Engraulis encrasicolus",-0.06,39.65,"1998-05-22"
"Engraulis encrasicolus",34.683409,31.938138,"2010-04-14"
"Engraulis encrasicolus",3.352,39.962,"2008-04-15"
"Engraulis encrasicolus",34.820824,32.312507,"2012-02-23"
"Engraulis encrasicolus",0.8,40.35,"2008-05-28"
"Engraulis encrasicolus",10.4949998856,34.2099990845,"2000-05-27T12:00:00Z"
"Engraulis encrasicolus",1.45,41.06,"1994-06-16"
"Engraulis encrasicolus",32.12,31.5,"1913-09-21T05:00:00"
"Engraulis encrasicolus",35.06321,32.999864,"1994-08-14"
"Engraulis encrasicolus",4.18085,43.28,"1987-06-12"
"Engraulis encrasicolus",0.96,40.33,"2006-06-06"
"Engraulis encrasicolus",34.745893,32.088642,"2010-05-05"
"Engraulis encrasicolus",34.853096,32.427916,"1991-10-25"
"Engraulis encrasicolus",0.27,40.09,"2001-06-12"
"Engraulis encrasicolus",2.73,41.49,"2007-06-12"
"Engraulis encrasicolus",17.35,43.03,"1957-07-28/1957-07-28"
"Engraulis encrasicolus",3.4326,39.9806,"2007-05-15"
"Engraulis encrasicolus",16.285333333,43.043833333,"1978-07-28"
"Engraulis encrasicolus",2.76999998092651,41.5299987792969,"1967"
"Engraulis encrasicolus",16.375667,43.526667,"1981-07-24"
"Engraulis encrasicolus",12.3774,45.3867,"1974"
"Engraulis encrasicolus",16.285333333,43.043833333,"1986-09-17"
"Engraulis encrasicolus",0.09,39.8,"2005-06-03"
"Engraulis encrasicolus",12.3774,45.3867,"1987"
"Engraulis encrasicolus",1.44,41.06,"2003-05-20"
"Engraulis encrasicolus",16.285333333,43.043833333,"1981-05-29"
"Engraulis encrasicolus",-5.58,35.95,"1910-06-23T18:35:00"
"Engraulis encrasicolus",0.79,40.34,"1998-05-28"
"Engraulis encrasicolus",16.285333333,43.043833333,"2002-04-20"
"Engraulis encrasicolus",10.5920000076,36.2249984741,"1999-07-24T12:00:00Z"
"Engraulis encrasicolus",16.285333333,43.043833333,"1988-07-19"
"Engraulis encrasicolus",-0.13,39.35,"1999-06-02"
"Engraulis encrasicolus",35.085182,33.083901,"1994-08-14"
"Engraulis encrasicolus",34.89584,32.606908,"1993-12-06"
"Engraulis encrasicolus",2.4398,39.4594,"1997-11-18"
"Engraulis encrasicolus",12.3774,45.3867,"1988"
"Engraulis encrasicolus",4.71665,43.08915,"1985-06-21"
"Engraulis encrasicolus",10.4309997559,37.0279998779,"2004-09-10T12:00:00Z"
"Engraulis encrasicolus",17.47,42.95,"1958-02-06/1958-02-06"
"Engraulis encrasicolus",3.46000003814697,41.8400001525879,"1969"
"Engraulis encrasicolus",0.9,39.9,"2002-06-02"
"Engraulis encrasicolus",3.2667,43.11335,"1987-06-22"
"Engraulis encrasicolus",16.285333333,43.043833333,"1965-07-15"
"Engraulis encrasicolus",1.1,40.61,"2003-05-12"
"Engraulis encrasicolus",1.24,40.77,"2002-06-03"
"Engraulis encrasicolus",16.285333333,43.043833333,"1985-08-08"
"Engraulis encrasicolus",-4.08,36.7,"2005-05-12"
"Engraulis encrasicolus",12.3774,45.3867,"1989"
"Engraulis encrasicolus",10.4779996872,34.391998291,"2003-04-30T12:00:00Z"
"Engraulis encrasicolus",12.7270002365,34.7120018005,"2000-05-17T12:00:00Z"
"Engraulis encrasicolus",-0.02,39.57,"2000-06-21"
"Engraulis encrasicolus",0.73,40.17,"2000-06-07"
"Engraulis encrasicolus",34.883394,32.537222,"1991-10-25"
"Engraulis encrasicolus",34.883394,32.537222,"2011-02-22"
"Engraulis encrasicolus",-5.58,35.95,"1910-06-23T18:40:00"
"Engraulis encrasicolus",35.583333333,34.566666667,"1973-06/1990-12"
"Engraulis encrasicolus",3.31,42.25,"2000-06-16"
"Engraulis encrasicolus",16.285333333,43.043833333,"1999-06-01"
"Engraulis encrasicolus",12.9377,45.0629,"1922"
"Engraulis encrasicolus",-0.23,38.27,"2004-05-16"
"Engraulis encrasicolus",16.285333333,43.043833333,"1979-06-18"
"Engraulis encrasicolus",0.79,40.34,"2005-06-02"
"Engraulis encrasicolus",0.28,40.1,"2004-05-30"
"Engraulis encrasicolus",15.1935,37.332,"2019-08-07"
"Engraulis encrasicolus",11.0469999313,34.3899993896,NA
"Engraulis encrasicolus",12.9377,45.0629,"1905"
"Engraulis encrasicolus",16.375667,43.526667,"1990-07-25"
"Engraulis encrasicolus",0.14,39.92,"1999-06-01"
"Engraulis encrasicolus",8.86699962616,37.3709983826,"2004-08-29T12:00:00Z"
"Engraulis encrasicolus",16.285333333,43.043833333,"1973-04-17"
"Engraulis encrasicolus",0.78,40.35,"2002-06-11"
"Engraulis encrasicolus",22.833,40.167,NA
"Engraulis encrasicolus",-0.57,37.93,"2007-06-01"
"Engraulis encrasicolus",16.285333333,43.043833333,"1986-05-20"
"Engraulis encrasicolus",35.085182,33.083901,"2010-07-28"
"Engraulis encrasicolus",-0.92,37.54,"2006-05-17"
"Engraulis encrasicolus",9.06000041962,37.3019981384,"2004-08-29T12:00:00Z"
"Engraulis encrasicolus",1.24,40.78,"2005-05-26"
"Engraulis encrasicolus",2.4272,39.4072,"1994-05-10"
"Engraulis encrasicolus",16.285333333,43.043833333,"1971-08-08"
"Engraulis encrasicolus",3.84,43.36585,"1986-06-25"
"Engraulis encrasicolus",0.51,40.02,"2005-06-03"
"Engraulis encrasicolus",2.1333,39.3567,"1996-06"
"Engraulis encrasicolus",3.46000003814697,41.8400001525879,"1968"
"Engraulis encrasicolus",10.28,37.62,"1910-07-15T04:50:00"
"Engraulis encrasicolus",16.285333333,43.043833333,"1976-08-11"
"Engraulis encrasicolus",10.579000473,34.03099823,"2005-05-23T12:00:00Z"
"Engraulis encrasicolus",-0.59,37.7,"2009-04-19"
"Engraulis encrasicolus",10.404999733,33.9640007019,"2003-06-06T12:00:00Z"
"Engraulis encrasicolus",11.2849998474,35.6739997864,"2003-06-12T12:00:00Z"
"Engraulis encrasicolus",-0.07,39.63,"2003-05-10"
"Engraulis encrasicolus",2.7958,39.3081,"2007-03-22"
"Engraulis encrasicolus",12.3774,45.3867,"1963"
"Engraulis encrasicolus",0.92,40.58,"2004-05-30"
"Engraulis encrasicolus",4.1425,43.19335,"1985-06-13"
"Engraulis encrasicolus",16.48,43.23,"1958-01-08/1958-01-08"
"Engraulis encrasicolus",-0.9,37.54,"2002-05-22"
"Engraulis encrasicolus",3.445,43.1125,"1985-06-11"
"Engraulis encrasicolus",3.0667,39.15,"1985-10-10"
"Engraulis encrasicolus",16.285333333,43.043833333,"1981-07-25"
"Engraulis encrasicolus",2.62,39.24,"2007-06-27"
"Engraulis encrasicolus",10.4919996262,37.1920013428,"2002-06-06T12:00:00Z"
"Engraulis encrasicolus",34.850607,32.408475,"1994-05-30"
"Engraulis encrasicolus",3.52999997138977,42.3300018310547,"1964"
"Engraulis encrasicolus",16.03558559,42.72938396,"2004"
"Engraulis encrasicolus",0.71,39.83,"2002-06-02"
"Engraulis encrasicolus",12.3774,45.3867,"1973"
"Engraulis encrasicolus",-0.17,39.26,"2005-05-24"
"Engraulis encrasicolus",3.5083,43.17415,"1987-06-22"
"Engraulis encrasicolus",12.3774,45.3867,"2001"
"Engraulis encrasicolus",16.285333333,43.043833333,"1991-05-13"
"Engraulis encrasicolus",0.95,40.32,"1999-05-31"
"Engraulis encrasicolus",10.3839998245,33.9500007629,"2003-06-06T12:00:00Z"
"Engraulis encrasicolus",2.79,41.54,"1997-05-29"
"Engraulis encrasicolus",4.625,43.21085,"1992-05-27"
"Engraulis encrasicolus",3.18,42.5492,"1987-06-05"
"Engraulis encrasicolus",0.24,38.77,"2004-05-31"
"Engraulis encrasicolus",16.285333333,43.043833333,"1969-06-17"
"Engraulis encrasicolus",-2,36.55,"1910-06-25T01:45:00"
"Engraulis encrasicolus",2.3363,39.5372,"2005-06-17"
"Engraulis encrasicolus",34.883394,32.537222,"1991-10-26"
"Engraulis encrasicolus",12.3774,45.3867,"1991"
"Engraulis encrasicolus",34.60865,31.803896,"2000-07-30"
"Engraulis encrasicolus",34.946737,32.836864,"1990-09-10"
"Engraulis encrasicolus",11.1809997559,36.5029983521,"1999-07-26T12:00:00Z"
"Engraulis encrasicolus",0.74,40.17,"1999-05-21"
"Engraulis encrasicolus",35.566666667,34.55,"2000-04/2007-06"
"Engraulis encrasicolus",14.25,40.8013889,"2013-08-06"
"Engraulis encrasicolus",16.285333333,43.043833333,"1975-05-16"
"Engraulis encrasicolus",16.285333333,43.043833333,"2017-06-14"
"Engraulis encrasicolus",16.42,35.3,"1910-07-23T01:20:00"
"Engraulis encrasicolus",10.5150003433,34.138999939,"2002-04-09T12:00:00Z"
"Engraulis encrasicolus",12.3774,45.3867,"1986"
"Engraulis encrasicolus",10.2670001984,34.2260017395,"2003-06-07T12:00:00Z"
"Engraulis encrasicolus",2.6514,39.2312,"2002-05-24"
"Engraulis encrasicolus",34.946737,32.836864,"1992-09-13"
"Engraulis encrasicolus",16.42,43.41,"1967-06-20/1967-06-20"
"Engraulis encrasicolus",16.285333333,43.043833333,"1974-06-21"
"Engraulis encrasicolus",16.375667,43.526667,"1990-08-20"
"Engraulis encrasicolus",11.2250003815,36.3250007629,"2002-10-01T12:00:00Z"
"Engraulis encrasicolus",1.06,40.44,"2000-06-08"
"Engraulis encrasicolus",1.13,40.32,"1998-05-28"
"Engraulis encrasicolus",27.23,33.5,"1911-10-15T04:00:00"
"Engraulis encrasicolus",4.395,43.40915,"1992-05-19"
"Engraulis encrasicolus",16.285333333,43.043833333,"1961-07-11"
"Engraulis encrasicolus",2.2283,39.4567,"1993-05-10"
"Engraulis encrasicolus",0.76,40.19,"2006-06-06"
"Engraulis encrasicolus",16.375667,43.526667,"1983-07-17"
"Engraulis encrasicolus",2.9107,39.2832,"2005-09-30"
"Engraulis encrasicolus",35.027246,32.836143,"1993-08-25"
"Engraulis encrasicolus",17.35,43.03,"1957-09-07/1957-09-07"
"Engraulis encrasicolus",17.35,43.03,"1958-02-06/1958-02-06"
"Engraulis encrasicolus",16.375667,43.526667,"1974-06-24"
"Engraulis encrasicolus",1.8,41.14,"2006-06-02"
"Engraulis encrasicolus",0.92,40.75,"2007-06-10"
"Engraulis encrasicolus",12.9377,45.0629,"1920"
"Engraulis encrasicolus",0.87,40.02,"2000-06-07"
"Engraulis encrasicolus",-0.38,38.28,"2002-05-26"
"Engraulis encrasicolus",4.035,43.4375,"1987-06-24"
"Engraulis encrasicolus",16.285333333,43.043833333,"1963-08-02"
"Engraulis encrasicolus",16.285333333,43.043833333,"1975-07-16"
"Engraulis encrasicolus",32,31.62,"1913-11-18T18:45:00"
"Engraulis encrasicolus",10.4449996948,33.7849998474,"2003-06-06T12:00:00Z"
"Engraulis encrasicolus",2.3363,39.5372,"2006-06-08"
"Engraulis encrasicolus",16.285333333,43.043833333,"1969-07-17"
"Engraulis encrasicolus",16.285333333,43.043833333,"1975-06-21"
"Engraulis encrasicolus",12.3774,45.3867,"1958"
"Engraulis encrasicolus",16.285333333,43.043833333,"1991-04-16"
"Engraulis encrasicolus",0.61,40.29,"2000-06-19"
"Engraulis encrasicolus",34.683409,31.938138,"2011-05-27"
"Engraulis encrasicolus",12.3774,45.3867,"1992"
"Engraulis encrasicolus",1.34,41.08,"2002-06-04"
"Engraulis encrasicolus",1.05,40.42,"2006-06-03"
"Engraulis encrasicolus",1.04,40.42,"2001-06-03"
"Engraulis encrasicolus",4.0275,43.21,"1987-06-09"
"Engraulis encrasicolus",1.78,41.14,"2006-06-02"
"Engraulis encrasicolus",-0.09,39.37,"2003-05-08"
"Engraulis encrasicolus",34.729586,32.051985,"1992-08-06"
"Engraulis encrasicolus",10.6510000229,34.2509994507,"2000-05-29T12:00:00Z"
"Engraulis encrasicolus",35.06321,32.999864,"2000-05-30"
"Engraulis encrasicolus",34.729586,32.051985,"2011-01-21"
"Engraulis encrasicolus",15.77,43.45,"1962-09/1962-09"
"Engraulis encrasicolus",12.3774,45.3867,"1950"
"Engraulis encrasicolus",3.13335,42.6158,"1992-05-31"
"Engraulis encrasicolus",34.812155,32.271418,"1992-02-28"
"Engraulis encrasicolus",-0.1,38.49,"2008-05-21"
"Engraulis encrasicolus",16.375667,43.526667,"1988-07-18"
"Engraulis encrasicolus",-0.57,37.93,"1998-05-17"
"Engraulis encrasicolus",35.5,34.2,"1973-06/1982-12"
"Engraulis encrasicolus",-0.88,35.73,"1910-09-04T18:35:00"
"Engraulis encrasicolus",10.4600000381,34.1160011292,NA
"Engraulis encrasicolus",0.8,40.53,"1999-05-31"
"Engraulis encrasicolus",35.085182,33.083901,"2009-05-13"
"Engraulis encrasicolus",-0.02,39.28,"2008-05-23"
"Engraulis encrasicolus",0.98,40.06,"2000-06-07"
"Engraulis encrasicolus",0.47,39.88,"2008-05-27"
"Engraulis encrasicolus",16.375667,43.526667,"1973-08-20"
"Engraulis encrasicolus",35.027246,32.836143,"2009-04-19"
"Engraulis encrasicolus",35.466666667,33.966666667,"1965-07/1967-10"
"Engraulis encrasicolus",16.375667,43.526667,"1973-09-14"
"Engraulis encrasicolus",10.6689996719,36.9729995728,"2004-09-10T12:00:00Z"
"Engraulis encrasicolus",0.27,40.09,"2003-05-10"
"Engraulis encrasicolus",12.3774,45.3867,"1994"
"Engraulis encrasicolus",16.285333333,43.043833333,"1963-04-04"
"Engraulis encrasicolus",2.25,36.93,"1910-06-27T01:30:00"
"Engraulis encrasicolus",34.745893,32.088642,"2011-06-30"
"Engraulis encrasicolus",0.94,40.51,"2002-06-03"
"Engraulis encrasicolus",2.91,41.54,"2002-06-10"
"Engraulis encrasicolus",0.25,38.76,"2001-05-27"
"Engraulis encrasicolus",-0.23,38.45,"2008-05-21"
"Engraulis encrasicolus",34.93206,32.758822,"2009-11-29"
"Engraulis encrasicolus",16.285333333,43.043833333,"1964-06-24"
"Engraulis encrasicolus",2.3473,39.3645,"2001-09-16"
"Engraulis encrasicolus",16.285333333,43.043833333,"2016-06-15"
"Engraulis encrasicolus",0.27,40.09,"2000-06-20"
"Engraulis encrasicolus",-2,36.55,"1910-09-05T19:50:00"
"Engraulis encrasicolus",1.77,41.12,"2006-06-02"
"Engraulis encrasicolus",0.61,40.3,"2004-05-30"
"Engraulis encrasicolus",12.3774,45.3867,"1961"
"Engraulis encrasicolus",16.285333333,43.043833333,"1980-08-26"
"Engraulis encrasicolus",12.3774,45.3867,"1980"
"Engraulis encrasicolus",16.285333333,43.043833333,"1965-08-10"
"Engraulis encrasicolus",-0.09,39.37,"2009-04-26"
"Engraulis encrasicolus",35.027246,32.836143,"1994-08-16"
"Engraulis encrasicolus",1.3,41.09,"2000-06-12"
"Engraulis encrasicolus",0.53,40.36,"1995-05-19"
"Engraulis encrasicolus",34.60865,31.803896,"2009-12-20"
"Engraulis encrasicolus",35.027246,32.836143,"2012-01-25"
"Engraulis encrasicolus",15.12675,37.490767,"2019-09-02"
"Engraulis encrasicolus",16.285333333,43.043833333,"1974-04-13"
"Engraulis encrasicolus",3.64,43.1125,"1992-05-26"
"Engraulis encrasicolus",16.73,43.05,"1958-06-05/1958-06-05"
"Engraulis encrasicolus",0.02,38.36,"2005-05-20"
"Engraulis encrasicolus",35.085182,33.083901,"2000-06-12"
"Engraulis encrasicolus",0.27,38.6,"1995-05-03"
"Engraulis encrasicolus",16.285333333,43.043833333,"2017-04-24"
"Engraulis encrasicolus",34.946737,32.836864,"1991-10-24"
"Engraulis encrasicolus",34.853096,32.427916,"2010-06-27"
"Engraulis encrasicolus",1.8,41.14,"2008-05-31"
"Engraulis encrasicolus",2.03,41.18,"2004-05-26"
"Engraulis encrasicolus",16.285333333,43.043833333,"1974-05-15"
"Engraulis encrasicolus",1.1,40.62,"2006-06-03"
"Engraulis encrasicolus",-5.27,36.03,"1910-06-23T23:35:00"
"Engraulis encrasicolus",35.027246,32.836143,"1992-09-13"
"Engraulis encrasicolus",34.683409,31.938138,"2010-09-28"
"Engraulis encrasicolus",10.357000351,34.0180015564,"2002-04-09T12:00:00Z"
"Engraulis encrasicolus",15.1248,37.4895,"2019-08-18"
"Engraulis encrasicolus",34.820824,32.312507,"2011-12-30"
"Engraulis encrasicolus",16.285333333,43.043833333,"1969-10-08"
"Engraulis encrasicolus",16.285333333,43.043833333,"1995-07-08"
"Engraulis encrasicolus",34.812155,32.271418,"1994-03-02"
"Engraulis encrasicolus",-0.16,39.25,"2002-06-01"
"Engraulis encrasicolus",0.53,40.35,"2003-05-21"
"Engraulis encrasicolus",12.3774,45.3867,"1978"
"Engraulis encrasicolus",16,35,"1972-03-16"
"Engraulis encrasicolus",8.92,44.23,"1910-07-03T00:05:00"
"Engraulis encrasicolus",0.25,38.74,"1998-05-19"
"Engraulis encrasicolus",0.23,38.67,"2005-06-04"
"Engraulis encrasicolus",2.3681,39.3835,"2005-06-16"
"Engraulis encrasicolus",12.3774,45.3867,"1945"
"Engraulis encrasicolus",16.285333333,43.043833333,"1970-06-13"
"Engraulis encrasicolus",0.23,38.68,"2001-05-27"
"Engraulis encrasicolus",-0.03,39.29,"2009-04-26"
"Engraulis encrasicolus",0.7,39.82,"2009-04-29"
"Engraulis encrasicolus",16.285333333,43.043833333,"2000-08-22"
"Engraulis encrasicolus",0.99,40.04,"2007-06-09"
"Engraulis encrasicolus",1.29,41.09,"2006-06-05"
"Engraulis encrasicolus",35.027246,32.836143,"2009-06-15"
"Engraulis encrasicolus",16.375667,43.526667,"1972-05-18"
"Engraulis encrasicolus",34.853096,32.427916,"1994-08-15"
"Engraulis encrasicolus",16.285333333,43.043833333,"1985-07-17"
"Engraulis encrasicolus",16.375667,43.526667,"1982-05-24"
"Engraulis encrasicolus",1.44,41.06,"2001-06-05"
"Engraulis encrasicolus",-0.62,37.8,"2005-05-18"
"Engraulis encrasicolus",2.76999998092651,41.5299987792969,"1963"
"Engraulis encrasicolus",0.46,39.88,"2002-06-12"
"Engraulis encrasicolus",16.375667,43.526667,"1988-09-05"
"Engraulis encrasicolus",16.37,43.51,"1964-04-24/1964-04-24"
"Engraulis encrasicolus",-0.13,39.27,"2002-06-01"
"Engraulis encrasicolus",12.3774,45.3867,"1998"
"Engraulis encrasicolus",34.812155,32.271418,"2000-11-21"
"Engraulis encrasicolus",-0.13,39.35,"2000-06-21"
"Engraulis encrasicolus",-0.17,39.25,"2003-05-09"
"Engraulis encrasicolus",35.085182,33.083901,"1992-08-06"
"Engraulis encrasicolus",0.79,40.34,"1994-06-14"
"Engraulis encrasicolus",24.8,38.22,"1910-08-14T22:30:00"
"Engraulis encrasicolus",16.285333333,43.043833333,"1969-03-21"
"Engraulis encrasicolus",12.3774,45.3867,"1959"
"Engraulis encrasicolus",0.25,38.73,"2002-05-28"
"Engraulis encrasicolus",-5.2,36.36,"1999-05-05"
"Engraulis encrasicolus",12.3774,45.3867,"1951"
"Engraulis encrasicolus",34.946737,32.836864,"1991-07-16"
"Engraulis encrasicolus",16.375667,43.526667,"1980-06-23"
"Engraulis encrasicolus",16.285333333,43.043833333,"1988-06-18"
"Engraulis encrasicolus",0.57,40.03,"2002-06-12"
"Engraulis encrasicolus",16.375667,43.526667,"1993-07-16"
"Engraulis encrasicolus",1.53,41.09,"1994-06-16"
"Engraulis encrasicolus",10.4989995956,37.2060012817,"2004-09-09T12:00:00Z"
"Engraulis encrasicolus",16.285333333,43.043833333,"1978-08-23"
"Engraulis encrasicolus",0.82,40.54,"2004-05-30"
"Engraulis encrasicolus",2.4275,39.3422,"1995-06-10"
"Engraulis encrasicolus",12.3774,45.3867,"1990"
"Engraulis encrasicolus",16.285333333,43.043833333,"1973-08-16"
"Engraulis encrasicolus",4.8525,43.105,"1985-06-21"
"Engraulis encrasicolus",16.42,43.41,"1966-04-06/1966-04-06"
"Engraulis encrasicolus",2.22,41.28,"1910-08-30T05:30:00"
"Engraulis encrasicolus",0.92,40.1,"2001-06-02"
"Engraulis encrasicolus",16.375667,43.526667,"1976-10"
"Engraulis encrasicolus",35.433333333,34.1,"1973-06/1990-12"
"Engraulis encrasicolus",-4.73,36.45,"2003-05-25"
"Engraulis encrasicolus",-0.47,37.91,"2001-05-24"
"Engraulis encrasicolus",12.3774,45.3867,"1985"
"Engraulis encrasicolus",0.16,39.36,"2002-05-30"
"Engraulis encrasicolus",16.285333333,43.043833333,"1977-05-30"
"Engraulis encrasicolus",34.946737,32.836864,"1993-05-23"
"Engraulis encrasicolus",35.027246,32.836143,"1992-07-15"
"Engraulis encrasicolus",3.27,41.96,"2003-05-17"
"Engraulis encrasicolus",34.767952,32.158012,"2011-01-22"
"Engraulis encrasicolus",16.285333333,43.043833333,"1971-04-13"
"Engraulis encrasicolus",0.27,38.68,"1994-06-11"
"Engraulis encrasicolus",16.375667,43.526667,"1992-06-16"
"Engraulis encrasicolus",11.3330001831,36.4329986572,"2002-10-01T12:00:00Z"
"Engraulis encrasicolus",1.34,41.08,"2001-06-05"
"Engraulis encrasicolus",16.285333333,43.043833333,"1963-09-13"
"Engraulis encrasicolus",10.3760004044,34.1440010071,"2000-05-28T12:00:00Z"
"Engraulis encrasicolus",34.683409,31.938138,"2010-03-25"
"Engraulis encrasicolus",35.027246,32.836143,"2009-07-21"
"Engraulis encrasicolus",0.13,39.92,"2003-05-10"
"Engraulis encrasicolus",12.3774,45.3867,"1997"
"Engraulis encrasicolus",15.61,38.19,"1911-02-23T19:00:00"
"Engraulis encrasicolus",16.375667,43.526667,"1977-06-27"
"Engraulis encrasicolus",1.35,41.08,"2007-06-11"
"Engraulis encrasicolus",35.049477,32.929003,"2011-07-11"
"Engraulis encrasicolus",16.285333333,43.043833333,"1968-06-20"
"Engraulis encrasicolus",34.853096,32.427916,"2000-10-19"
"Engraulis encrasicolus",0.33,39.87,"2009-04-29"
"Engraulis encrasicolus",16.285333333,43.043833333,"1982-05-21"
"Engraulis encrasicolus",2,39.1867,"1985-07-10"
"Engraulis encrasicolus",16.375667,43.526667,"1984-07-23"
"Engraulis encrasicolus",35.085182,33.083901,"1991-09-28"
"Engraulis encrasicolus",0.09,39.98,"1994-06-13"
"Engraulis encrasicolus",0.22,38.85,"2001-06-14"
"Engraulis encrasicolus",3.3,42.25,"2008-06-03"
"Engraulis encrasicolus",0.79,40.35,"1999-05-31"
"Engraulis encrasicolus",0.31,39.87,"1999-06-01"
"Engraulis encrasicolus",16.375667,43.526667,"1990-06-19"
"Engraulis encrasicolus",0.82,38.67,"1992-07-10"
"Engraulis encrasicolus",34.853096,32.427916,"1991-10-24"
"Engraulis encrasicolus",1.87,41.17,"2003-05-19"
"Engraulis encrasicolus",-1.47,36.22,"1910-09-05T04:35:00"
"Engraulis encrasicolus",22.55,38.17,"1910-08-17T02:20:00"
"Engraulis encrasicolus",0.33,40.1,"1996-05-25"
"Engraulis encrasicolus",0.6,40.31,"1998-05-28"
"Engraulis encrasicolus",2.736,39.2997,"2002-09-24"
"Engraulis encrasicolus",1.221,40.94,"2003-05-28/2003-05-28"
"Engraulis encrasicolus",1.34,41.08,"1998-05-27"
"Engraulis encrasicolus",1.56,41.1,"2009-05-02"
"Engraulis encrasicolus",35.027246,32.836143,"1994-10-25"
"Engraulis encrasicolus",16.37,43.51,"1964-01-18/1964-01-18"
"Engraulis encrasicolus",17.47,42.95,"1958-07-02/1958-07-02"
"Engraulis encrasicolus",16.285333333,43.043833333,"1966-07-08"
"Engraulis encrasicolus",0.7083,38.7533,"1993-07-10"
"Engraulis encrasicolus",16.285333333,43.043833333,"1973-07-20"
"Engraulis encrasicolus",16.375667,43.526667,"1985-06-11"
"Engraulis encrasicolus",3.46000003814697,41.8400001525879,"1963"
"Engraulis encrasicolus",4.2075,43.17835,"1985-06-13"
"Engraulis encrasicolus",1.8,41.14,"2007-06-13"
"Engraulis encrasicolus",3.915,43.22,"1992-05-17"
"Engraulis encrasicolus",3.52999997138977,42.3300018310547,"1962"
"Engraulis encrasicolus",0.52,40.35,"1998-05-28"
"Engraulis encrasicolus",11.482000351,35.5340003967,"2003-06-11T12:00:00Z"
"Engraulis encrasicolus",35.027246,32.836143,"2012-06-22"
"Engraulis encrasicolus",12.3774,45.3867,"1954"
"Engraulis encrasicolus",9.08,44.33,"1910-07-03T03:30:00"
"Engraulis encrasicolus",16.285333333,43.043833333,"1979-05-11"
"Engraulis encrasicolus",0.09,39.97,"1997-06-02"
"Engraulis encrasicolus",11.1420001984,36.6500015259,"2001-02-20T12:00:00Z"
"Engraulis encrasicolus",34.203959,31.336149,"1991-11-20"
"Engraulis encrasicolus",3.2597,39.3081,"2005-09-24"
"Engraulis encrasicolus",35.027246,32.836143,"1992-09-14"
"Engraulis encrasicolus",1.34,41.08,"2000-06-12"
"Engraulis encrasicolus",12.3774,45.3867,"1960"
"Engraulis encrasicolus",3.27,41.96,"2002-06-09"
"Engraulis encrasicolus",0.44,39.85,"1996-05-25"
"Engraulis encrasicolus",1.29,41.09,"2008-05-30"
"Engraulis encrasicolus",-2,36.55,"1910-09-05T19:20:00"
"Engraulis encrasicolus",2.4272,39.4072,"1995-06-10"
"Engraulis encrasicolus",16.375667,43.526667,"1982-06-28"
"Engraulis encrasicolus",2.1017,39.7667,"1996-06"
"Engraulis encrasicolus",14.25,40.8013889,"2015-06-01"
"Engraulis encrasicolus",3.3,42.25,"1996-05-18"
"Engraulis encrasicolus",16.375667,43.526667,"1985-09-25"
"Engraulis encrasicolus",12.3774,45.3867,"1953"
"Engraulis encrasicolus",3.2,42.17,"2006-05-28"
"Engraulis encrasicolus",16.375667,43.526667,"1991-07-15"
"Engraulis encrasicolus",34.729586,32.051985,"2011-01-22"
"Engraulis encrasicolus",34.820824,32.312507,"2011-12-29"
"Engraulis encrasicolus",34.683409,31.938138,"1992-08-05"
"Engraulis encrasicolus",10.6169996262,34.2369995117,"2002-04-09T12:00:00Z"
"Engraulis encrasicolus",1.3,41.09,"2004-05-23"
"Engraulis encrasicolus",34.853096,32.427916,"2009-11-30"
"Engraulis encrasicolus",1.02,40.53,"2006-06-03"
"Engraulis encrasicolus",16.285333333,43.043833333,"1966-05-25"
"Engraulis encrasicolus",3.33,40.3,"1910-08-29T01:40:00"
"Engraulis encrasicolus",16.285333333,43.043833333,"1977-06-23"
"Engraulis encrasicolus",0.13,38.92,"2002-06-13"
"Engraulis encrasicolus",3.265,42.9467,"1992-05-30"
"Engraulis encrasicolus",1.18,40.99,"2006-06-04"
"Engraulis encrasicolus",1.221,40.94,"2007-09-20/2007-09-20"
"Engraulis encrasicolus",15.9,43.25,"1969-04-19/1969-04-19"
"Engraulis encrasicolus",0.13,38.93,"2005-06-04"
"Engraulis encrasicolus",22.8330001831,40.1669998169,"1973-11-06T12:00:00Z"
"Engraulis encrasicolus",0.61,40.31,"2003-05-21"
"Engraulis encrasicolus",3.19,42.17,"2004-05-28"
"Engraulis encrasicolus",-0.38,38.28,"2004-06-01"
"Engraulis encrasicolus",10.1770000458,34.0359992981,"2003-04-30T12:00:00Z"
"Engraulis encrasicolus",1.0667,38.4333,"1985-07-10"
"Engraulis encrasicolus",2.51,41.42,"2003-05-15"
"Engraulis encrasicolus",12.3774,45.3867,"1971"
"Engraulis encrasicolus",0.27,38.61,"1999-05-18"
"Engraulis encrasicolus",16.285333333,43.043833333,"1972-03-26"
"Engraulis encrasicolus",15.136783,37.4995,"2019-08-23"
"Engraulis encrasicolus",34.745893,32.088642,"2011-02-23"
"Engraulis encrasicolus",35.085182,33.083901,"1992-09-16"
"Engraulis encrasicolus",3.2458,42.9375,"1983-06-08"
"Engraulis encrasicolus",34.745893,32.088642,"2011-02-22"
"Engraulis encrasicolus",0.75,40.18,"2001-06-02"
"Engraulis encrasicolus",1.56,41.1,"2005-05-28"
"Engraulis encrasicolus",16.285333333,43.043833333,"1980-06-20"
"Engraulis encrasicolus",16.285333333,43.043833333,"2012-05-16"
"Engraulis encrasicolus",3.0908,42.7883,"1986-06-07"
"Engraulis encrasicolus",2.73,41.4,"2003-05-15"
"Engraulis encrasicolus",0.94,40.6,"2006-06-03"
"Engraulis encrasicolus",2.03,41.18,"2007-06-13"
"Engraulis encrasicolus",2.03,41.18,"1996-05-23"
"Engraulis encrasicolus",35.049477,32.929003,"2009-07-21"
"Engraulis encrasicolus",34.946737,32.836864,"1994-08-17"
"Engraulis encrasicolus",34.820824,32.312507,"2009-02-19"
"Engraulis encrasicolus",0.3933,38.8367,"1993-07-10"
"Engraulis encrasicolus",16.42,43.41,"1965-08-07/1965-08-07"
"Engraulis encrasicolus",1.25,40.77,"1998-05-27"
"Engraulis encrasicolus",3.37,42.11,"2003-05-16"
"Engraulis encrasicolus",16.375667,43.526667,"1981-09-21"
"Engraulis encrasicolus",0.56,40.02,"1998-05-30"
"Engraulis encrasicolus",16.285333333,43.043833333,"1969-05-13"
"Engraulis encrasicolus",15.4,43.58,"1966-09/1966-09"
"Engraulis encrasicolus",10.8000001907,34.0999984741,"2000-05-24T12:00:00Z"
"Engraulis encrasicolus",12.9377,45.0629,"1927"
"Engraulis encrasicolus",2.6334,39.4273,"1983-09-10"
"Engraulis encrasicolus",-0.45,36.05,"1910-06-26T00:40:00"
"Engraulis encrasicolus",16.285333333,43.043833333,"2002-07-23"
"Engraulis encrasicolus",0.34,40.1,"1999-06-01"
"Engraulis encrasicolus",1.02,40.53,"2003-05-12"
"Engraulis encrasicolus",1.05,40.43,"1998-05-28"
"Engraulis encrasicolus",0.56,40.02,"2008-05-27"
"Engraulis encrasicolus",1.13,40.31,"1996-05-24"
"Engraulis encrasicolus",12.3774,45.3867,"1968"
"Engraulis encrasicolus",3.17,40.5,"1911-08-20T03:00:00"
"Engraulis encrasicolus",0.06,39.79,"2003-05-10"
"Engraulis encrasicolus",0.53,40.35,"2005-06-02"
"Engraulis encrasicolus",16.375667,43.526667,"1976-08-12"
"Engraulis encrasicolus",0.96,40.51,"2006-06-03"
"Engraulis encrasicolus",3.05,40.57,"1910-08-29T17:10:00"
"Engraulis encrasicolus",16.375667,43.526667,"1976-04-15"
"Engraulis encrasicolus",1.02,40.53,"2004-05-22"
"Engraulis encrasicolus",34.853096,32.427916,"2000-06-12"
"Engraulis encrasicolus",23.15,37.87,"1910-08-16T17:10:00"
"Engraulis encrasicolus",34.946737,32.836864,"1992-07-14"
"Engraulis encrasicolus",16.285333333,43.043833333,"1976-04-13"
"Engraulis encrasicolus",15.126333,37.51035,"2019-09-03"
"Engraulis encrasicolus",16.375667,43.526667,"1976-07-09"
"Engraulis encrasicolus",16.375667,43.526667,"1982-09-15"
"Engraulis encrasicolus",4.17085,42.99835,"1985-06-12"
"Engraulis encrasicolus",0.14,39.93,"1994-06-13"
"Engraulis encrasicolus",1.8,41.14,"2005-05-24"
"Engraulis encrasicolus",12.3774,45.3867,"1972"
"Engraulis encrasicolus",10.3100004196,34.1189994812,"2003-05-01T12:00:00Z"
"Engraulis encrasicolus",0.38,38.67,"2009-04-24"
"Engraulis encrasicolus",16.92,43.24,"1957-10-07/1957-10-07"
"Engraulis encrasicolus",16.285333333,43.043833333,"2004-05-19"
"Engraulis encrasicolus",-0.57,38.09,"2006-06-11"
"Engraulis encrasicolus",10.4919996262,34.2000007629,"2000-05-27T12:00:00Z"
"Engraulis encrasicolus",0.79,40.34,"2009-04-30"
"Engraulis encrasicolus",10.8669996262,34.141998291,"2000-05-24T12:00:00Z"
"Engraulis encrasicolus",3.98335,43.39,"1987-06-12"
"Engraulis encrasicolus",-4.41,36.62,"2000-05-22"
"Engraulis encrasicolus",0.13,38.92,"1999-06-03"
"Engraulis encrasicolus",34.412012,31.536221,"2010-11-09"
"Engraulis encrasicolus",-2.57,36.72,"2003-05-24"
"Engraulis encrasicolus",0.52,40.35,"1997-06-01"
"Engraulis encrasicolus",10.8299999237,34.4020004272,"2002-04-08T12:00:00Z"
"Engraulis encrasicolus",1.35,41.08,"2008-05-30"
"Engraulis encrasicolus",34.745893,32.088642,"1992-01-09"
"Engraulis encrasicolus",10.8809995651,34.4169998169,"2002-04-08T12:00:00Z"
"Engraulis encrasicolus",1.37,41.02,"1996-05-17"
"Engraulis encrasicolus",34.767952,32.158012,"2009-08-07"
"Engraulis encrasicolus",16.285333333,43.043833333,"1993-08-17"
"Engraulis encrasicolus",13.05,45.05,"1991-01-08/1991-01-08"
"Engraulis encrasicolus",1.21,40.7,"2000-06-08"
"Engraulis encrasicolus",16.285333333,43.043833333,"1999-08-26"
"Engraulis encrasicolus",35.027246,32.836143,"1994-06-21"
"Engraulis encrasicolus",12.56,44.87,"1988-10-19/1988-10-19"
"Engraulis encrasicolus",16.375667,43.526667,"1977-07-21"
"Engraulis encrasicolus",16.285333333,43.043833333,"1969-11-04"
"Engraulis encrasicolus",3.49,39.95,"2007-06-20"
"Engraulis encrasicolus",16.285333333,43.043833333,"1972-09-17"
"Engraulis encrasicolus",0.27,38.61,"2000-06-06"
"Engraulis encrasicolus",2.5559,39.4418,"2000-12-29"
"Engraulis encrasicolus",16.48,43.23,"1957-09-03/1957-09-03"
"Engraulis encrasicolus",1.9017,39.4917,"1996-06"
"Engraulis encrasicolus",1,40.04,"2002-06-02"
"Engraulis encrasicolus",2.02,41.17,"2001-06-06"
"Engraulis encrasicolus",2.31,41.4,"2002-06-07"
"Engraulis encrasicolus",35.027246,32.836143,"1994-08-14"
"Engraulis encrasicolus",0.92,40.59,"2001-06-11"
"Engraulis encrasicolus",-1.23,36.3,"1910-06-25T09:50:00"
"Engraulis encrasicolus",0.27,38.63,"2006-06-13"
"Engraulis encrasicolus",16.375667,43.526667,"1982-08-12"
"Engraulis encrasicolus",3.29,39.95,"2008-06-16"
"Engraulis encrasicolus",35.466666667,33.95,"1965-07/1967-10"
"Engraulis encrasicolus",11.42,37.62,"1910-07-19T21:50:00"
"Engraulis encrasicolus",16.375667,43.526667,"1974-05-17"
"Engraulis encrasicolus",-0.8,37.51,"2002-05-22"
"Engraulis encrasicolus",12.3774,45.3867,"1999"
"Engraulis encrasicolus",3.92585,42.83665,"1987-06-05"
"Engraulis encrasicolus",16.375667,43.526667,"1983-09-04"
"Engraulis encrasicolus",16.38,43.4,"1957-11-06/1957-11-06"
"Engraulis encrasicolus",34.853096,32.427916,"2011-04-28"
"Engraulis encrasicolus",0.94,40.32,"1994-06-14"
"Engraulis encrasicolus",1.221,40.94,"2003-05-31/2003-05-31"
"Engraulis encrasicolus",0.75,40.17,"1997-05-25"
"Engraulis encrasicolus",15.131683,37.4843,"2019-09-01"
"Engraulis encrasicolus",34.905281,32.690081,"2000-08-20"
"Engraulis encrasicolus",34.93206,32.758822,"1993-10-20"
"Engraulis encrasicolus",12.3774,45.3867,"1966"
"Engraulis encrasicolus",2.79,41.53,"2004-05-25"
"Engraulis encrasicolus",2.52,41.42,"2004-05-27"
"Engraulis encrasicolus",1.1,40.61,"2008-05-29"
"Engraulis encrasicolus",10.3420000076,33.783000946,"2000-05-28T12:00:00Z"
"Engraulis encrasicolus",34.729586,32.051985,"2010-07-29"
"Engraulis encrasicolus",35.027246,32.836143,"1993-09-19"
"Engraulis encrasicolus",10.4499998093,34.108001709,"2000-05-28T12:00:00Z"
"Engraulis encrasicolus",16.285333333,43.043833333,"1980-11-24"
"Engraulis encrasicolus",35.085182,33.083901,"2009-04-27"
"Engraulis encrasicolus",1.221,40.94,"1985-06-06/1985-06-06"
"Engraulis encrasicolus",34.683409,31.938138,"2009-04-27"
"Engraulis encrasicolus",16.285333333,43.043833333,"1980-04-12"
"Engraulis encrasicolus",7.417,43.567,NA
"Engraulis encrasicolus",3.3,42.24,"2006-05-28"
"Engraulis encrasicolus",12.3774,45.3867,"1983"
"Engraulis encrasicolus",16.285333333,43.043833333,"1962-05-15"
"Engraulis encrasicolus",16.375667,43.526667,"1981-06-22"
"Engraulis encrasicolus",0.81,40.33,"2001-06-11"
"Engraulis encrasicolus",0.3933,39,"1992-07-10"
"Engraulis encrasicolus",0.33,39.87,"1994-06-13"
"Engraulis encrasicolus",12.9377,45.0629,"1923"
"Engraulis encrasicolus",1.05,40.43,"1997-06-01"
"Engraulis encrasicolus",35.027246,32.836143,"1993-10-19"
"Engraulis encrasicolus",3.4864,39.9519,"2005-06-28"
"Engraulis encrasicolus",34.812155,32.271418,"2010-11-11"
"Engraulis encrasicolus",12.77,45.39,"1988-01-12/1988-01-12"
"Engraulis encrasicolus",35.583333333,34.566666667,"2000-04/2007-06"
"Engraulis encrasicolus",16.05,43.25,"1968-08-12/1968-08-12"
"Engraulis encrasicolus",16.38,43.4,"1958-04-03/1958-04-03"
"Engraulis encrasicolus",16.285333333,43.043833333,"2003-04-17"
"Engraulis encrasicolus",-0.57,38.01,"2004-05-15"
"Engraulis encrasicolus",35.5,34.1,"1972-06/1982-12"
"Engraulis encrasicolus",16.285333333,43.043833333,"2001-08-17"
"Engraulis encrasicolus",16.285333333,43.043833333,"2002-06-20"
"Engraulis encrasicolus",16.285333333,43.043833333,"1995-05-23"
"Engraulis encrasicolus",4.4558,43.21,"1987-06-24"
"Engraulis encrasicolus",12.3774,45.3867,"1996"
"Engraulis encrasicolus",3.4327,39.967,"2007-06-04"
"Engraulis encrasicolus",16.375667,43.526667,"1973-07-24"
"Engraulis encrasicolus",16.285333333,43.043833333,"2001-06-24"
"Engraulis encrasicolus",34.946737,32.836864,"1990-09-11"
"Engraulis encrasicolus",34.89584,32.606908,"1994-08-16"
"Engraulis encrasicolus",16.285333333,43.043833333,"1991-06-20"
"Engraulis encrasicolus",0.3933,39,"1993-07-10"
"Engraulis encrasicolus",1.36,41.03,"1994-06-15"
"Engraulis encrasicolus",35.085182,33.083901,"1994-08-15"
"Engraulis encrasicolus",3.31,42.26,"1997-05-27"
"Engraulis encrasicolus",0.33,39.96,"2001-06-12"
"Engraulis encrasicolus",16.73,43.05,"1957-10-09/1957-10-09"
"Engraulis encrasicolus",16.285333333,43.043833333,"1992-07-17"
"Engraulis encrasicolus",0.61,40.3,"2001-06-11"
"Engraulis encrasicolus",16.285333333,43.043833333,"1969-04-10"
"Engraulis encrasicolus",0.25,38.74,"2000-06-06"
"Engraulis encrasicolus",1.12,40.31,"2004-05-22"
"Engraulis encrasicolus",35.5,34,"1972-06/1982-12"
"Engraulis encrasicolus",0.24,38.68,"2002-05-28"
"Engraulis encrasicolus",15.126,37.5021,"2019-08-11"
"Engraulis encrasicolus",16.285333333,43.043833333,"1996-08-21"
"Engraulis encrasicolus",2.95,36.9,"1910-09-02T02:45:00"
"Engraulis encrasicolus",0.28,40.1,"1995-05-19"
"Engraulis encrasicolus",16.285333333,43.043833333,"1977-08-30"
"Engraulis encrasicolus",1.79,41.14,"2003-05-19"
"Engraulis encrasicolus",0.61,40.3,"1997-06-01"
"Engraulis encrasicolus",16.375667,43.526667,"1981-10-29"
"Engraulis encrasicolus",16.285333333,43.043833333,"1968-09-26"
"Engraulis encrasicolus",16.285333333,43.043833333,"1967-09-10"
"Engraulis encrasicolus",16.285333333,43.043833333,"1986-04-26"
"Engraulis encrasicolus",1.79,41.14,"2002-06-05"
"Engraulis encrasicolus",2.5991,39.4354,"1987-06-10"
"Engraulis encrasicolus",35.085182,33.083901,"2012-04-22"
"Engraulis encrasicolus",0.34,40.1,"1995-05-19"
"Engraulis encrasicolus",2.31,41.4,"2004-05-27"
"Engraulis encrasicolus",19.85,37.95,"1910-08-17T23:30:00"
"Engraulis encrasicolus",34.89584,32.606908,"1991-10-26"
"Engraulis encrasicolus",-0.49,37.98,"2006-06-11"
"Engraulis encrasicolus",16.37,43.51,"1963-11-19/1963-11-19"
"Engraulis encrasicolus",15.1213,37.5162,"2019-08-20"
"Engraulis encrasicolus",35.06321,32.999864,"2000-05-29"
"Engraulis encrasicolus",3.3275,39.8988,"2004-05-14"
"Engraulis encrasicolus",-3.6,36.71,"1998-05-10"
"Engraulis encrasicolus",0.79,40.35,"1996-05-24"
"Engraulis encrasicolus",16.285333333,43.043833333,"1979-09-14"
"Engraulis encrasicolus",3.4196,39.9803,"2007-07-23"
"Engraulis encrasicolus",16.285333333,43.043833333,"1984-07-22"
"Engraulis encrasicolus",1.221,40.94,"2003-05-23/2003-05-23"
"Engraulis encrasicolus",10.5559997559,33.9309997559,"2002-04-10T12:00:00Z"
"Engraulis encrasicolus",0.15,39.93,"1998-05-30"
"Engraulis encrasicolus",-0.38,38.29,"2008-05-21"
"Engraulis encrasicolus",1.87,41.17,"2008-05-31"
"Engraulis encrasicolus",12.3774,45.3867,"1955"
"Engraulis encrasicolus",34.883394,32.537222,"1993-04-24"
"Engraulis encrasicolus",1.56,41.11,"2001-06-05"
"Engraulis encrasicolus",1.02,40.53,"2007-06-10"
"Engraulis encrasicolus",10.4949998856,34.2270011902,"2002-04-18T12:00:00Z"
"Engraulis encrasicolus",11.3420000076,36.7919998169,"1999-07-27T12:00:00Z"
"Engraulis encrasicolus",1.1,40.61,"2009-05-01"
"Engraulis encrasicolus",0.14,39.93,"1997-06-02"
"Engraulis encrasicolus",10.4750003815,33.983001709,"2000-05-29T12:00:00Z"
"Engraulis encrasicolus",16.285333333,43.043833333,"1964-09-08"
"Engraulis encrasicolus",16.285333333,43.043833333,"1976-07-08"
"Engraulis encrasicolus",16.285333333,43.043833333,"1979-04-11"
"Engraulis encrasicolus",0.34,40.1,"2000-06-20"
"Engraulis encrasicolus",1.04,40.41,"2004-05-22"
"Engraulis encrasicolus",16.285333333,43.043833333,"1980-09-15"
"Engraulis encrasicolus",0.34,38.81,"2008-05-24"
"Engraulis encrasicolus",34.946737,32.836864,"1994-05-31"
"Engraulis encrasicolus",3.14,41.81,"2002-06-08"
"Engraulis encrasicolus",12.3774,45.3867,"1967"
"Engraulis encrasicolus",15.48,38.55,"1910-08-21T05:00:00"
"Engraulis encrasicolus",2.4275,39.3422,"1994-06-10"
"Engraulis encrasicolus",0.53,40.35,"2004-05-30"
"Engraulis encrasicolus",-0.14,38.17,"2008-05-20"
"Engraulis encrasicolus",0.34,40.11,"1998-05-30"
"Engraulis encrasicolus",-0.92,37.54,"2004-05-13"
"Engraulis encrasicolus",3.36,42.11,"2009-05-06"
"Engraulis encrasicolus",1.221,40.94,"2003-05-25/2003-05-25"
"Engraulis encrasicolus",3.2,42.18,"2003-05-17"
"Engraulis encrasicolus",35.049477,32.929003,"2011-08-30"
"Engraulis encrasicolus",15.75,43.52,"1968-05-07/1968-05-07"
"Engraulis encrasicolus",16.285333333,43.043833333,"1987-09-11"
"Engraulis encrasicolus",0.27,40.09,"2002-06-12"
"Engraulis encrasicolus",34.812155,32.271418,"2009-10-20"
"Engraulis encrasicolus",0.83,40.54,"2002-06-11"
"Engraulis encrasicolus",12.9377,45.0629,"1919"
"Engraulis encrasicolus",16.285333333,43.043833333,"1969-09-09"
"Engraulis encrasicolus",0.24,38.7,"1995-05-03"
"Engraulis encrasicolus",1.13,40.31,"1994-06-14"
"Engraulis encrasicolus",0.96,40.32,"2008-05-28"
"Engraulis encrasicolus",-0.04,38.35,"1994-06-08"
"Engraulis encrasicolus",16.92,43.24,"1957-11-09/1957-11-09"
"Engraulis encrasicolus",16.285333333,43.043833333,"1970-07-08"
"Engraulis encrasicolus",16.285333333,43.043833333,"1966-09-12"
"Engraulis encrasicolus",0.27,40.09,"1999-06-01"
"Engraulis encrasicolus",16.285333333,43.043833333,"1961-05-03"
"Engraulis encrasicolus",0.24,38.69,"2003-05-22"
"Engraulis encrasicolus",16.285333333,43.043833333,"1972-08-05"
"Engraulis encrasicolus",17.47,42.95,"1958-06-06/1958-06-06"
"Engraulis encrasicolus",12.3774,45.3867,"1984"
"Engraulis encrasicolus",34.93206,32.758822,"1994-02-21"
"Engraulis encrasicolus",34.820824,32.312507,"2011-03-19"
"Engraulis encrasicolus",16.285333333,43.043833333,"1991-03-16"
"Engraulis encrasicolus",15.194,37.3066,"2019-08-31"
"Engraulis encrasicolus",16.285333333,43.043833333,"2001-07-17"
"Engraulis encrasicolus",0.98,40.04,"1998-05-29"
"Engraulis encrasicolus",0.61,40.31,"1996-05-24"
"Engraulis encrasicolus",0.28,40.1,"2005-06-03"
"Engraulis encrasicolus",2.4887,39.3103,"2002-05-03"
"Engraulis encrasicolus",0.28,40.1,"1998-05-30"
"Engraulis encrasicolus",35.583333333,34.566666667,"1972-06/1982-12"
"Engraulis encrasicolus",-0.13,39.27,"1999-06-02"
"Engraulis encrasicolus",34.533119,31.681269,"2009-03-26"
"Engraulis encrasicolus",16,35,"1972-12-03"
"Engraulis encrasicolus",10.8789997101,34.3019981384,"2002-04-08T12:00:00Z"
"Engraulis encrasicolus",16.375667,43.526667,"1974-07-15"
"Engraulis encrasicolus",11.3249998093,36.4420013428,"1999-07-26T12:00:00Z"
"Engraulis encrasicolus",3.19,42.17,"2005-06-01"
"Engraulis encrasicolus",12.3774,45.3867,"1977"
"Engraulis encrasicolus",34.767952,32.158012,"2000-06-11"
"Engraulis encrasicolus",16.285333333,43.043833333,"1981-04-20"
"Engraulis encrasicolus",3.34999990463257,41.75,"1965"
"Engraulis encrasicolus",16.285333333,43.043833333,"1971-05-11"
"Engraulis encrasicolus",-4.29,36.68,"2008-05-06"
"Engraulis encrasicolus",-0.08,39.62,"2004-05-20"
"Engraulis encrasicolus",-5.27,36.03,"1910-06-23T23:25:00"
"Engraulis encrasicolus",34.729586,32.051985,"1991-08-18"
"Engraulis encrasicolus",4.23,42.92165,"1987-06-06"
"Engraulis encrasicolus",2.25,36.93,"1910-06-27T00:15:00"
"Engraulis encrasicolus",0.57,40.04,"2003-05-21"
"Engraulis encrasicolus",16.285333333,43.043833333,"1979-08-18"
"Engraulis encrasicolus",16.285333333,43.043833333,"1972-05-17"
"Engraulis encrasicolus",1.53,41.1,"1996-05-17"
"Engraulis encrasicolus",16.375667,43.526667,"1979-05-14"
"Engraulis encrasicolus",16.375667,43.526667,"1973-06-14"
"Engraulis encrasicolus",12.9377,45.0629,"1921"
"Engraulis encrasicolus",12.3774,45.3867,"1993"
"Engraulis encrasicolus",12.3774,45.3867,"1976"
"Engraulis encrasicolus",16.285333333,43.043833333,"1970-08-11"
"Engraulis encrasicolus",-0.23,38.28,"2007-06-03"
"Engraulis encrasicolus",-0.13,39.16,"2002-06-01"
"Engraulis encrasicolus",34.767952,32.158012,"2010-11-10"
"Engraulis encrasicolus",-4.07,36.71,"2000-05-26"
